Classificacao,grupo,ordem,familia,especie_ou_subespecie,categoria,lista_2014,ano_lista
Fauna,invertebrados_terrestres,Amblypygi,Charinidae,Charinus acaraje,VU,1,2022
Fauna,invertebrados_terrestres,Amblypygi,Charinidae,Charinus asturius,EN,1,2022
Fauna,invertebrados_terrestres,Amblypygi,Charinidae,Charinus caatingae,CR,0,2022
Fauna,invertebrados_terrestres,Amblypygi,Charinidae,Charinus eleonorae,EN,1,2022
Fauna,invertebrados_terrestres,Amblypygi,Charinidae,Charinus ferreus,CR,0,2022
Fauna,invertebrados_terrestres,Amblypygi,Charinidae,Charinus potiguar,VU,1,2022
Fauna,invertebrados_terrestres,Amblypygi,Charinidae,Charinus spelaeus,VU,0,2022
Fauna,invertebrados_terrestres,Amblypygi,Charinidae,Charinus taboa,CR,0,2022
Fauna,invertebrados_terrestres,Amblypygi,Charinidae,Charinus troglobius,EN,1,2022
Fauna,invertebrados_terrestres,Araneae,Caponiidae,Carajas paraua,EN,0,2022
Fauna,invertebrados_terrestres,Araneae,Caponiidae,Tisentnops onix,CR,0,2022
Fauna,invertebrados_terrestres,Araneae,Corinnidae,Ianduba paubrasil,EN,1,2022
Fauna,invertebrados_terrestres,Araneae,Ctenidae,Celaetycheus mungunza,CR,1,2022
Fauna,invertebrados_terrestres,Araneae,Ctenidae,Isoctenus corymbus,CR,1,2022
Fauna,invertebrados_terrestres,Araneae,Dipluridae,Harmonicon cerberus,CR,1,2022
Fauna,invertebrados_terrestres,Araneae,Drymusidae,Drymusa spelunca,CR,1,2022
Fauna,invertebrados_terrestres,Araneae,Gnaphosidae,Brasilomma enigmatica,EN,1,2022
Fauna,invertebrados_terrestres,Araneae,Gnaphosidae,Tricongius ybyguara,VU,1,2022
Fauna,invertebrados_terrestres,Araneae,Ochyroceratidae,Ochyrocera ibitipoca,EN,1,2022
Fauna,invertebrados_terrestres,Araneae,Ochyroceratidae,Speocera eleonorae,EN,1,2022
Fauna,invertebrados_terrestres,Araneae,Pholcidae,Metagonia diamantina,CR,1,2022
Fauna,invertebrados_terrestres,Araneae,Pholcidae,Metagonia potiguar,CR,1,2022
Fauna,invertebrados_terrestres,Araneae,Salticidae,Matagaia chromatopus,VU,1,2022
Fauna,invertebrados_terrestres,Araneae,Salticidae,Neonella noronha,VU,1,2022
Fauna,invertebrados_terrestres,Araneae,Segestriidae,Ariadna aurea,VU,0,2022
Fauna,invertebrados_terrestres,Araneae,Sicariidae,Loxosceles troglobia,VU,0,2022
Fauna,invertebrados_terrestres,Araneae,Theraphosidae,Dolichothele diamantinensis,EN,1,2022
Fauna,invertebrados_terrestres,Araneae,Theraphosidae,Pterinopelma sazimai,VU,1,2022
Fauna,invertebrados_terrestres,Araneae,Theraphosidae,Tmesiphantes hypogeus,CR,1,2022
Fauna,invertebrados_terrestres,Araneae,Theraphosidae,Typhochlaena curumim,CR,1,2022
Fauna,invertebrados_terrestres,Araneae,Theraphosidae,Typhochlaena seladonia,EN,1,2022
Fauna,invertebrados_terrestres,Araneae,Theraphosidae,Ybyrapora diversipes,EN,1,2022
Fauna,invertebrados_terrestres,Araneae,Theraphosidae,Ybyrapora gamba,CR,1,2022
Fauna,invertebrados_terrestres,Blattodea,Blattellidae,Litoblatta camargoi,EN,0,2022
Fauna,invertebrados_terrestres,Caenogastropoda,Ampullariidae,Pomacea sordida,EN,1,2022
Fauna,invertebrados_terrestres,Caenogastropoda,Hydrobiidae,Potamolithus karsticus,CR,1,2022
Fauna,invertebrados_terrestres,Coleoptera,Carabidae,Coarazuphium amazonicus,CR,0,2022
Fauna,invertebrados_terrestres,Coleoptera,Carabidae,Coarazuphium caatinga,EN,1,2022
Fauna,invertebrados_terrestres,Coleoptera,Carabidae,Coarazuphium cessaima,EN,1,2022
Fauna,invertebrados_terrestres,Coleoptera,Carabidae,Coarazuphium formoso,CR,1,2022
Fauna,invertebrados_terrestres,Coleoptera,Carabidae,Coarazuphium pains,EN,1,2022
Fauna,invertebrados_terrestres,Coleoptera,Carabidae,Coarazuphium ricardoi,CR,1,2022
Fauna,invertebrados_terrestres,Coleoptera,Carabidae,Coarazuphium spinifemur,CR,0,2022
Fauna,invertebrados_terrestres,Coleoptera,Carabidae,Coarazuphium tapiaguassu,EN,1,2022
Fauna,invertebrados_terrestres,Coleoptera,Carabidae,Coarazuphium tessai,CR,1,2022
Fauna,invertebrados_terrestres,Coleoptera,Carabidae,Schizogenius ocellatus,EN,1,2022
Fauna,invertebrados_terrestres,Coleoptera,Ciidae,Ceracis cassumbensis,EN,1,2022
Fauna,invertebrados_terrestres,Coleoptera,Lampyridae,Amydetes bellorum,EN,1,2022
Fauna,invertebrados_terrestres,Coleoptera,Lucanidae,Altitatiayus campoi,VU,1,2022
Fauna,invertebrados_terrestres,Coleoptera,Lucanidae,Altitatiayus dulceae,VU,1,2022
Fauna,invertebrados_terrestres,Coleoptera,Lucanidae,Altitatiayus godinhorum,VU,1,2022
Fauna,invertebrados_terrestres,Coleoptera,Lucanidae,Altitatiayus koikei,VU,1,2022
Fauna,invertebrados_terrestres,Coleoptera,Lucanidae,Altitatiayus rotundatus,VU,1,2022
Fauna,invertebrados_terrestres,Coleoptera,Lucanidae,Altitatiayus ruficollis,VU,1,2022
Fauna,invertebrados_terrestres,Coleoptera,Lucanidae,Altitatiayus trifurcatus,VU,1,2022
Fauna,invertebrados_terrestres,Coleoptera,Lycidae,Cartagonum apiuba,CR,1,2022
Fauna,invertebrados_terrestres,Coleoptera,Lycidae,Lycomorphon brasiliense,CR,1,2022
Fauna,invertebrados_terrestres,Coleoptera,Scarabaeidae,Ateuchus squalidus,VU,1,2022
Fauna,invertebrados_terrestres,Coleoptera,Scarabaeidae,Canthon corpulentus,VU,1,2022
Fauna,invertebrados_terrestres,Coleoptera,Scarabaeidae,Canthon quadripunctatus,VU,1,2022
Fauna,invertebrados_terrestres,Coleoptera,Scarabaeidae,Dichotomius eucranioides,EN,1,2022
Fauna,invertebrados_terrestres,Coleoptera,Scarabaeidae,Dichotomius mysticus,EN,1,2022
Fauna,invertebrados_terrestres,Coleoptera,Scarabaeidae,Dichotomius schiffleri,EN,1,2022
Fauna,invertebrados_terrestres,Coleoptera,Scarabaeidae,Pedaridium hirsutum,VU,1,2022
Fauna,invertebrados_terrestres,Coleoptera,Staphylinidae,Metopiellus painensis,EN,0,2022
Fauna,invertebrados_terrestres,Coleoptera,Vesperidae,Hypocephalus armatus,VU,1,2022
Fauna,invertebrados_terrestres,Collembola,Arrhopalitidae,Arrhopalites amorimi,VU,1,2022
Fauna,invertebrados_terrestres,Collembola,Arrhopalitidae,Arrhopalites glabrofasciatus,EN,0,2022
Fauna,invertebrados_terrestres,Collembola,Entomobryidae,Pseudosinella ambigua,VU,0,2022
Fauna,invertebrados_terrestres,Collembola,Entomobryidae,Pseudosinella guanhaensis,CR,0,2022
Fauna,invertebrados_terrestres,Collembola,Isotomidae,Archisotoma arariboia,CR,0,2022
Fauna,invertebrados_terrestres,Collembola,Paronellidae,Troglobius brasiliensis,CR,1,2022
Fauna,invertebrados_terrestres,Collembola,Paronellidae,Troglobius ferroicus,CR,1,2022
Fauna,invertebrados_terrestres,Collembola,Paronellidae,Trogolaphysa aelleni,CR,1,2022
Fauna,invertebrados_terrestres,Collembola,Sminthuridae,Pararrhopalites papaveroi,EN,1,2022
Fauna,invertebrados_terrestres,Collembola,Sminthuridae,Pararrhopalites sideroicus,CR,0,2022
Fauna,invertebrados_terrestres,Collembola,Sminthuridae,Pararrhopalites ubiquum,VU,0,2022
Fauna,invertebrados_terrestres,Collembola,Sminthuridae,Pararrhopalites wallacei,CR,1,2022
Fauna,invertebrados_terrestres,Diplura,Campodeidae,Oncinocampa trajanoae,CR,0,2022
Fauna,invertebrados_terrestres,Entomobryomorpha,Entomobryidae,Seira arenicola,EN,0,2022
Fauna,invertebrados_terrestres,Entomobryomorpha,Entomobryidae,Seira mataraquensis,EN,0,2022
Fauna,invertebrados_terrestres,Entomobryomorpha,Entomobryidae,Seira musarum,VU,0,2022
Fauna,invertebrados_terrestres,Entomobryomorpha,Entomobryidae,Seira pseudoannulata,EN,0,2022
Fauna,invertebrados_terrestres,Entomobryomorpha,Isotomidae,Archisotoma catiae,CR,0,2022
Fauna,invertebrados_terrestres,Entomobryomorpha,Isotomidae,Arlea arenicola,CR,0,2022
Fauna,invertebrados_terrestres,Entomobryomorpha,Isotomidae,Arlea psammophila,CR,0,2022
Fauna,invertebrados_terrestres,Entomobryomorpha,Isotomidae,Isotomiella uai,VU,1,2022
Fauna,invertebrados_terrestres,Entomobryomorpha,Isotomidae,Isotomodes cariocus,CR,0,2022
Fauna,invertebrados_terrestres,Entomobryomorpha,Isotomidae,Isotomurus riparius,CR,0,2022
Fauna,invertebrados_terrestres,Entomobryomorpha,Isotomidae,Paracerura gandarela,VU,0,2022
Fauna,invertebrados_terrestres,Entomobryomorpha,Isotomidae,Psammisotoma restingae,CR,0,2022
Fauna,invertebrados_terrestres,Euonychophora,Peripatidae,Epiperipatus adenocryptus,CR,1,2022
Fauna,invertebrados_terrestres,Euonychophora,Peripatidae,Epiperipatus diadenoproctus,VU,1,2022
Fauna,invertebrados_terrestres,Euonychophora,Peripatidae,Epiperipatus ohausi,EN,1,2022
Fauna,invertebrados_terrestres,Euonychophora,Peripatidae,Epiperipatus paurognostus,CR,1,2022
Fauna,invertebrados_terrestres,Glomeridesmida,Glomerodesmidae,Glomeridesmus spelaeus,EN,1,2022
Fauna,invertebrados_terrestres,Gymnomorpha,Veronicellidae,Phyllocaulis renschi,CR,1,2022
Fauna,invertebrados_terrestres,Haplotaxida,Glossoscolecidae,Fimoscolex sporadochaetus,EN,1,2022
Fauna,invertebrados_terrestres,Hemiptera,Cixiidae,Ferricixius davidi,CR,0,2022
Fauna,invertebrados_terrestres,Hemiptera,Kinnaridae,Iuiuia caeca,VU,0,2022
Fauna,invertebrados_terrestres,Hemiptera,Kinnaridae,Kinnapotiguara troglobia,VU,0,2022
Fauna,invertebrados_terrestres,Hymenoptera,Andrenidae,Arhysosage cactorum,VU,1,2022
Fauna,invertebrados_terrestres,Hymenoptera,Apidae,Melipona capixaba,EN,1,2022
Fauna,invertebrados_terrestres,Hymenoptera,Apidae,Melipona rufiventris,EN,1,2022
Fauna,invertebrados_terrestres,Hymenoptera,Apidae,Melipona scutellaris,EN,1,2022
Fauna,invertebrados_terrestres,Hymenoptera,Apidae,Partamona littoralis,EN,1,2022
Fauna,invertebrados_terrestres,Hymenoptera,Formicidae,Atta robusta,VU,1,2022
Fauna,invertebrados_terrestres,Hymenoptera,Formicidae,Brachymyrmex micromegas,VU,1,2022
Fauna,invertebrados_terrestres,Hymenoptera,Formicidae,Diaphoromyrma sofiae,EN,1,2022
Fauna,invertebrados_terrestres,Hymenoptera,Formicidae,Dinoponera lucida,EN,1,2022
Fauna,invertebrados_terrestres,Hymenoptera,Formicidae,Fulakora cleae,CR,1,2022
Fauna,invertebrados_terrestres,Hymenoptera,Formicidae,Gnamptogenys wilsoni,EN,1,2022
Fauna,invertebrados_terrestres,Hymenoptera,Formicidae,Monomorium delabiei,VU,1,2022
Fauna,invertebrados_terrestres,Hymenoptera,Formicidae,Mycetagroicus urbanus,CR,1,2022
Fauna,invertebrados_terrestres,Hymenoptera,Formicidae,Mycetomoellerius atlanticus,VU,1,2022
Fauna,invertebrados_terrestres,Hymenoptera,Formicidae,Mycetophylax simplex,VU,1,2022
Fauna,invertebrados_terrestres,Hymenoptera,Formicidae,Rhopalothrix plaumanni,EN,1,2022
Fauna,invertebrados_terrestres,Isopoda,Pudeoniscidae,Iansaoniscus georginae,CR,0,2022
Fauna,invertebrados_terrestres,Isopoda,Pudeoniscidae,Iansaoniscus iraquara,CR,0,2022
Fauna,invertebrados_terrestres,Isopoda,Scleropactidae,Amazoniscus leistikowi,CR,0,2022
Fauna,invertebrados_terrestres,Isopoda,Scleropactidae,Circoniscus buckupi,CR,0,2022
Fauna,invertebrados_terrestres,Isopoda,Scleropactidae,Circoniscus carajasensis,EN,0,2022
Fauna,invertebrados_terrestres,Isopoda,Styloniscidae,Iuiuniscus iuiuensis,VU,0,2022
Fauna,invertebrados_terrestres,Isopoda,Styloniscidae,Spelunconiscus castroi,CR,0,2022
Fauna,invertebrados_terrestres,Isopoda,Styloniscidae,Xangoniscus aganju,EN,0,2022
Fauna,invertebrados_terrestres,Isopoda,Styloniscidae,Xangoniscus itacarambiensis,CR,0,2022
Fauna,invertebrados_terrestres,Isopoda,Styloniscidae,Xangoniscus odara,EN,0,2022
Fauna,invertebrados_terrestres,Lepidoptera,Crambidae,Parapoynx restingalis,VU,1,2022
Fauna,invertebrados_terrestres,Lepidoptera,Hesperiidae,Drephalys miersi,EN,1,2022
Fauna,invertebrados_terrestres,Lepidoptera,Hesperiidae,Drephalys mourei,CR,1,2022
Fauna,invertebrados_terrestres,Lepidoptera,Hesperiidae,Olafia roscius iphimedia,VU,1,2022
Fauna,invertebrados_terrestres,Lepidoptera,Hesperiidae,Parelbella polyzona,EN,1,2022
Fauna,invertebrados_terrestres,Lepidoptera,Hesperiidae,Pseudocroniades machaon seabrai,CR,1,2022
Fauna,invertebrados_terrestres,Lepidoptera,Hesperiidae,Turmosa camposa,EN,1,2022
Fauna,invertebrados_terrestres,Lepidoptera,Hesperiidae,Zonia zonia diabo,EN,1,2022
Fauna,invertebrados_terrestres,Lepidoptera,Lycaenidae,Arawacus aethesa,EN,1,2022
Fauna,invertebrados_terrestres,Lepidoptera,Lycaenidae,Magnastigma julia,EN,1,2022
Fauna,invertebrados_terrestres,Lepidoptera,Lycaenidae,Strymon ohausi,EN,1,2022
Fauna,invertebrados_terrestres,Lepidoptera,Nymphalidae,Actinote quadra,VU,1,2022
Fauna,invertebrados_terrestres,Lepidoptera,Nymphalidae,Actinote zikani,CR,1,2022
Fauna,invertebrados_terrestres,Lepidoptera,Nymphalidae,Adelpha atlantica,EN,0,2022
Fauna,invertebrados_terrestres,Lepidoptera,Nymphalidae,Dasyophthalma geraensis,CR,1,2022
Fauna,invertebrados_terrestres,Lepidoptera,Nymphalidae,Dasyophthalma rusina delanira,EN,1,2022
Fauna,invertebrados_terrestres,Lepidoptera,Nymphalidae,Dasyophthalma vertebralis,CR (PEX),1,2022
Fauna,invertebrados_terrestres,Lepidoptera,Nymphalidae,Doxocopa zalmunna,CR (PEX),1,2022
Fauna,invertebrados_terrestres,Lepidoptera,Nymphalidae,Episcada vitrea,EN,1,2022
Fauna,invertebrados_terrestres,Lepidoptera,Nymphalidae,Eresia erysice erysice,CR,1,2022
Fauna,invertebrados_terrestres,Lepidoptera,Nymphalidae,Euptychia boulleti,CR,1,2022
Fauna,invertebrados_terrestres,Lepidoptera,Nymphalidae,Forsterinaria itatiaia,VU,0,2022
Fauna,invertebrados_terrestres,Lepidoptera,Nymphalidae,Hamadryas velutina browni,EN,1,2022
Fauna,invertebrados_terrestres,Lepidoptera,Nymphalidae,Heliconius nattereri,EN,1,2022
Fauna,invertebrados_terrestres,Lepidoptera,Nymphalidae,Hyalyris fiammetta,CR (PEX),1,2022
Fauna,invertebrados_terrestres,Lepidoptera,Nymphalidae,Mcclungia cymo fallens,CR,1,2022
Fauna,invertebrados_terrestres,Lepidoptera,Nymphalidae,Melinaea mnasias thera,CR,1,2022
Fauna,invertebrados_terrestres,Lepidoptera,Nymphalidae,Morpho epistrophus nikolajewna,CR,1,2022
Fauna,invertebrados_terrestres,Lepidoptera,Nymphalidae,Morpho menelaus eberti,CR,1,2022
Fauna,invertebrados_terrestres,Lepidoptera,Nymphalidae,Napeogenes rhezia rhezia,CR,1,2022
Fauna,invertebrados_terrestres,Lepidoptera,Nymphalidae,Orobrassolis ornamentalis,CR,1,2022
Fauna,invertebrados_terrestres,Lepidoptera,Nymphalidae,Pampasatyrus glaucope boenninghauseni,EN,1,2022
Fauna,invertebrados_terrestres,Lepidoptera,Nymphalidae,Pampasatyrus glaucope eberti,VU,0,2022
Fauna,invertebrados_terrestres,Lepidoptera,Nymphalidae,Pampasatyrus glaucope glaucope,EN,1,2022
Fauna,invertebrados_terrestres,Lepidoptera,Nymphalidae,Pampasatyrus gyrtone,EN,1,2022
Fauna,invertebrados_terrestres,Lepidoptera,Nymphalidae,Pampasatyrus reticulata gagarini,EN,0,2022
Fauna,invertebrados_terrestres,Lepidoptera,Nymphalidae,Paulogramma hydarnis,EN,1,2022
Fauna,invertebrados_terrestres,Lepidoptera,Nymphalidae,Polygrapha suprema,EN,1,2022
Fauna,invertebrados_terrestres,Lepidoptera,Nymphalidae,Praepedaliodes sequeirae,CR,0,2022
Fauna,invertebrados_terrestres,Lepidoptera,Nymphalidae,Prepona deiphile,VU,1,2022
Fauna,invertebrados_terrestres,Lepidoptera,Nymphalidae,Scada karschina delicata,CR,1,2022
Fauna,invertebrados_terrestres,Lepidoptera,Nymphalidae,Tithorea harmonia caissara,VU,1,2022
Fauna,invertebrados_terrestres,Lepidoptera,Nymphalidae,Yphthimoides iserhardi,EN,0,2022
Fauna,invertebrados_terrestres,Lepidoptera,Papilionidae,Heraclides himeros baia,EN,1,2022
Fauna,invertebrados_terrestres,Lepidoptera,Papilionidae,Heraclides himeros himeros,EN,1,2022
Fauna,invertebrados_terrestres,Lepidoptera,Papilionidae,Mimoides lysithous harrisianus,CR,1,2022
Fauna,invertebrados_terrestres,Lepidoptera,Papilionidae,Mimoides lysithous sebastianus,VU,1,2022
Fauna,invertebrados_terrestres,Lepidoptera,Papilionidae,Parides ascanius,EN,1,2022
Fauna,invertebrados_terrestres,Lepidoptera,Papilionidae,Parides bunichus chamissonia,CR,1,2022
Fauna,invertebrados_terrestres,Lepidoptera,Papilionidae,Parides burchellanus,CR,1,2022
Fauna,invertebrados_terrestres,Lepidoptera,Papilionidae,Parides klagesi,CR,1,2022
Fauna,invertebrados_terrestres,Lepidoptera,Papilionidae,Parides panthonus castilhoi,CR,1,2022
Fauna,invertebrados_terrestres,Lepidoptera,Papilionidae,Parides tros danunciae,EN,1,2022
Fauna,invertebrados_terrestres,Lepidoptera,Pieridae,Charonias theano,EN,1,2022
Fauna,invertebrados_terrestres,Lepidoptera,Pieridae,Cunizza hirlanda fulvinota,VU,1,2022
Fauna,invertebrados_terrestres,Lepidoptera,Pieridae,Cunizza hirlanda planasia,VU,1,2022
Fauna,invertebrados_terrestres,Lepidoptera,Pieridae,Glennia pylotis,EN,1,2022
Fauna,invertebrados_terrestres,Lepidoptera,Pieridae,Moschoneura pinthous methymna,VU,1,2022
Fauna,invertebrados_terrestres,Lepidoptera,Pieridae,Perrhybris pamela flava,EN,1,2022
Fauna,invertebrados_terrestres,Lepidoptera,Riodinidae,Joiceya praeclarus,CR,1,2022
Fauna,invertebrados_terrestres,Lepidoptera,Riodinidae,Panara ovifera,VU,1,2022
Fauna,invertebrados_terrestres,Lepidoptera,Riodinidae,Petrocerus catiena,EN,1,2022
Fauna,invertebrados_terrestres,Lepidoptera,Riodinidae,Rhetus belphegor,CR,1,2022
Fauna,invertebrados_terrestres,Lepidoptera,Riodinidae,Voltinia sanarita,EN,1,2022
Fauna,invertebrados_terrestres,Lepidoptera,Saturniidae,Dirphia monticola,VU,1,2022
Fauna,invertebrados_terrestres,Lepidoptera,Sphingidae,Nyceryx mielkei,CR,1,2022
Fauna,invertebrados_terrestres,Opiliones,Cryptogeobiidae,Spinopilar moria,CR,1,2022
Fauna,invertebrados_terrestres,Opiliones,Escadabiidae,Spaeleoleptes spaeleus,EN,1,2022
Fauna,invertebrados_terrestres,Opiliones,Gerdesiidae,Gonycranaus pluto,VU,0,2022
Fauna,invertebrados_terrestres,Opiliones,Gonyleptidae,Discocyrtus pedrosoi,VU,0,2022
Fauna,invertebrados_terrestres,Opiliones,Gonyleptidae,Eusarcus elinae,EN,1,2022
Fauna,invertebrados_terrestres,Opiliones,Gonyleptidae,Giupponia chagasi,EN,1,2022
Fauna,invertebrados_terrestres,Opiliones,Gonyleptidae,Iandumoema setimapocu,VU,1,2022
Fauna,invertebrados_terrestres,Opiliones,Gonyleptidae,Iandumoema smeagol,EN,0,2022
Fauna,invertebrados_terrestres,Opiliones,Gonyleptidae,Iandumoema uai,CR,1,2022
Fauna,invertebrados_terrestres,Opiliones,Gonyleptidae,Pachylospeleus strinatii,CR,1,2022
Fauna,invertebrados_terrestres,Opiliones,Kimulidae,Relictopiolus galadriel,CR,0,2022
Fauna,invertebrados_terrestres,Orthoptera,Phalangopsidae,Endecous apterus,EN,0,2022
Fauna,invertebrados_terrestres,Orthoptera,Phalangopsidae,Endecous peruassuensis,EN,0,2022
Fauna,invertebrados_terrestres,Palpigradi,Eukoeneniidae,Eukoenenia cavatica,CR,0,2022
Fauna,invertebrados_terrestres,Palpigradi,Eukoeneniidae,Eukoenenia eywa,EN,0,2022
Fauna,invertebrados_terrestres,Palpigradi,Eukoeneniidae,Eukoenenia jequitinhonha,CR,0,2022
Fauna,invertebrados_terrestres,Palpigradi,Eukoeneniidae,Eukoenenia maquinensis,VU,1,2022
Fauna,invertebrados_terrestres,Palpigradi,Eukoeneniidae,Eukoenenia navi,CR,0,2022
Fauna,invertebrados_terrestres,Palpigradi,Eukoeneniidae,Eukoenenia neytiri,EN,0,2022
Fauna,invertebrados_terrestres,Palpigradi,Eukoeneniidae,Eukoenenia potiguar,VU,1,2022
Fauna,invertebrados_terrestres,Palpigradi,Eukoeneniidae,Eukoenenia sagarana,CR,1,2022
Fauna,invertebrados_terrestres,Palpigradi,Eukoeneniidae,Eukoenenia spelunca,CR,1,2022
Fauna,invertebrados_terrestres,Palpigradi,Eukoeneniidae,Eukoenenia virgemdalapa,CR,1,2022
Fauna,invertebrados_terrestres,Palpigradi,Eukoeneniidae,Leptokoenenia pelada,CR,1,2022
Fauna,invertebrados_terrestres,Palpigradi,Eukoeneniidae,Leptokoenenia thalassophobica,EN,1,2022
Fauna,invertebrados_terrestres,Poduromorpha,Brachystomellidae,Maricaella duna,CR,0,2022
Fauna,invertebrados_terrestres,Poduromorpha,Hypogastruridae,Acherontides eleonorae,VU,1,2022
Fauna,invertebrados_terrestres,Poduromorpha,Neanuridae,Aethiopella littoralis,CR,0,2022
Fauna,invertebrados_terrestres,Poduromorpha,Neanuridae,Arlesia intermedia,CR,0,2022
Fauna,invertebrados_terrestres,Poduromorpha,Neanuridae,Hyleanura mendoncae,VU,0,2022
Fauna,invertebrados_terrestres,Poduromorpha,Neanuridae,Micranurida fluminensis,CR,0,2022
Fauna,invertebrados_terrestres,Poduromorpha,Onychiuridae,Agraphorura mariapetrae,CR,0,2022
Fauna,invertebrados_terrestres,Poduromorpha,Tullbergiidae,Mesaphorura maricaensis,CR,0,2022
Fauna,invertebrados_terrestres,Polydesmida,Chelodesmidae,Dioplosternus salvatrix,VU,1,2022
Fauna,invertebrados_terrestres,Polydesmida,Chelodesmidae,Leodesmus yporangae,EN,1,2022
Fauna,invertebrados_terrestres,Polydesmida,Chelodesmidae,Odontopeltis giganteus,VU,1,2022
Fauna,invertebrados_terrestres,Polydesmida,Chelodesmidae,Sandalodesmus stramineus,VU,1,2022
Fauna,invertebrados_terrestres,Polydesmida,Cryptodesmidae,Peridontodesmella alba,VU,1,2022
Fauna,invertebrados_terrestres,Polydesmida,Dobrodesmidae,Dobrodesmus mirabilis,CR,0,2022
Fauna,invertebrados_terrestres,Pseudoscorpiones,Bochicidae,Spelaeobochica allodentatus,EN,1,2022
Fauna,invertebrados_terrestres,Pseudoscorpiones,Bochicidae,Spelaeobochica iuiu,EN,1,2022
Fauna,invertebrados_terrestres,Pseudoscorpiones,Bochicidae,Spelaeobochica muchmorei,CR,1,2022
Fauna,invertebrados_terrestres,Pseudoscorpiones,Chernetidae,Maxchernes iporangae,CR,1,2022
Fauna,invertebrados_terrestres,Pseudoscorpiones,Chernetidae,Spelaeochernes gracilipalpus,EN,1,2022
Fauna,invertebrados_terrestres,Pseudoscorpiones,Chthoniidae,Pseudochthonius biseriatus,EN,1,2022
Fauna,invertebrados_terrestres,Pseudoscorpiones,Ideoroncidae,Ideoroncus cavicola,EN,1,2022
Fauna,invertebrados_terrestres,Pseudoscorpiones,Olpiidae,Progarypus nigrimanus,CR,1,2022
Fauna,invertebrados_terrestres,Pulmonata,Bulimulidae,Thaumastus lundi,CR,1,2022
Fauna,invertebrados_terrestres,Pulmonata,Lymnaeidae,Lymnaea rupestris,VU,1,2022
Fauna,invertebrados_terrestres,Pulmonata,Odontostomidae,Macrodontes dautzenbergianus,VU,1,2022
Fauna,invertebrados_terrestres,Pulmonata,Physidae,Physa marmorata,VU,1,2022
Fauna,invertebrados_terrestres,Pulmonata,Planorbidae,Plesiophysa dolichomastix,CR,1,2022
Fauna,invertebrados_terrestres,Pulmonata,Succineidae,Succinea lopesi,EN,1,2022
Fauna,invertebrados_terrestres,Schizomida,Hubbardiidae,Rowlandius ubajara,CR,1,2022
Fauna,invertebrados_terrestres,Scolopendromorpha,Cryptopidae,Cryptops iporangensis,EN,1,2022
Fauna,invertebrados_terrestres,Scolopendromorpha,Cryptopidae,Cryptops spelaeoraptor,CR,1,2022
Fauna,invertebrados_terrestres,Scolopendromorpha,Scolopendridae,Scolopendropsis duplicata,CR,1,2022
Fauna,invertebrados_terrestres,Scolopendromorpha,Scolopocryptopidae,Newportia potiguar,VU,0,2022
Fauna,invertebrados_terrestres,Scolopendromorpha,Scolopocryptopidae,Newportia spelaea,CR,0,2022
Fauna,invertebrados_terrestres,Scolopendromorpha,Scolopocryptopidae,Scolopocryptops troglocaudatus,EN,0,2022
Fauna,invertebrados_terrestres,Scorpiones,Buthidae,Ananteris infuscata,EN,1,2022
Fauna,invertebrados_terrestres,Scorpiones,Buthidae,Troglorhopalurus translucidus,EN,1,2022
Fauna,invertebrados_terrestres,Scorpiones,Chactidae,Hadrurochactas araripe,CR,1,2022
Fauna,invertebrados_terrestres,Scorpiones,Chactidae,Hadrurochactas brejo,CR,1,2022
Fauna,invertebrados_terrestres,Spirostreptida,Pseudonannolenidae,Pseudonannolene lundi,CR,0,2022
Fauna,invertebrados_terrestres,Spirostreptida,Spirostreptidae,Pseudonannolene ambuatinga,EN,1,2022
Fauna,invertebrados_terrestres,Spirostreptida,Spirostreptidae,Pseudonannolene imbirensis,EN,1,2022
Fauna,invertebrados_terrestres,Spirostreptida,Spirostreptidae,Pseudonannolene spelaea,CR,1,2022
Fauna,invertebrados_terrestres,Spirostreptida,Spirostreptidae,Pseudonannolene tocaiensis,CR,1,2022
Fauna,invertebrados_terrestres,Spongillida,Metaniidae,Corvomeyenia epilithosa,VU,1,2022
Fauna,invertebrados_terrestres,Stylommatophora,Bulimulidae,Tomigerus gibberulus,EN,1,2022
Fauna,invertebrados_terrestres,Stylommatophora,Megalobulimidae,Megalobulimus cardosoi,CR,1,2022
Fauna,invertebrados_terrestres,Stylommatophora,Strophocheilidae,Gonyostomus insularis,EN,1,2022
Fauna,invertebrados_terrestres,Symphypleona,Arrhopalitidae,Arrhopalites alambariensis,VU,1,2022
Fauna,invertebrados_terrestres,Symphypleona,Arrhopalitidae,Arrhopalites botuveraensis,VU,1,2022
Fauna,invertebrados_terrestres,Symphypleona,Arrhopalitidae,Arrhopalites gnaspinii,CR,1,2022
Fauna,invertebrados_terrestres,Symphypleona,Arrhopalitidae,Arrhopalites heteroculatus,VU,1,2022
Fauna,invertebrados_terrestres,Symphypleona,Arrhopalitidae,Arrhopalites lawrencei,VU,1,2022
Fauna,invertebrados_terrestres,Symphypleona,Arrhopalitidae,Arrhopalites paranaensis,CR,1,2022
Fauna,invertebrados_terrestres,Unionoida,Hyriidae,Diplodon koseritzi,EN,1,2022
Fauna,invertebrados_terrestres,Unionoida,Mycetopodidae,Mycetopoda legumen,EN,1,2022
Fauna,invertebrados_terrestres,Zygentoma,Nicoletiidae,Cubacubana spelaea,VU,0,2022
Fauna,anfibios,Anura,Aromobatidae,Anomaloglossus apiau,EN,0,2022
Fauna,anfibios,Anura,Aromobatidae,Anomaloglossus tepequem,CR (PEX),0,2022
Fauna,anfibios,Anura,Brachycephalidae,Brachycephalus mirissimus,VU,0,2022
Fauna,anfibios,Anura,Brachycephalidae,Brachycephalus pernix,CR,1,2022
Fauna,anfibios,Anura,Brachycephalidae,Brachycephalus quiririensis,EN,0,2022
Fauna,anfibios,Anura,Brachycephalidae,Ischnocnema epipeda,CR (PEX),0,2022
Fauna,anfibios,Anura,Brachycephalidae,Ischnocnema garciai,CR,0,2022
Fauna,anfibios,Anura,Brachycephalidae,Ischnocnema karst,VU,0,2022
Fauna,anfibios,Anura,Brachycephalidae,Ischnocnema manezinho,EN,1,2022
Fauna,anfibios,Anura,Bufonidae,Melanophryniscus admirabilis,CR,1,2022
Fauna,anfibios,Anura,Bufonidae,Melanophryniscus biancae,EN,0,2022
Fauna,anfibios,Anura,Bufonidae,Melanophryniscus cambaraensis,EN,1,2022
Fauna,anfibios,Anura,Bufonidae,Melanophryniscus dorsalis,VU,1,2022
Fauna,anfibios,Anura,Bufonidae,Melanophryniscus klappenbachi,VU,0,2022
Fauna,anfibios,Anura,Bufonidae,Melanophryniscus macrogranulosus,EN,1,2022
Fauna,anfibios,Anura,Bufonidae,Melanophryniscus montevidensis,VU,0,2022
Fauna,anfibios,Anura,Bufonidae,Melanophryniscus setiba,VU,1,2022
Fauna,anfibios,Anura,Bufonidae,Rhinella casconi,CR,0,2022
Fauna,anfibios,Anura,Ceratophryidae,Ceratophrys ornata,CR (PEX),0,2022
Fauna,anfibios,Anura,Cycloramphidae,Cycloramphus diringshofeni,CR,1,2022
Fauna,anfibios,Anura,Cycloramphidae,Cycloramphus faustoi,VU,1,2022
Fauna,anfibios,Anura,Cycloramphidae,Cycloramphus stejnegeri,CR (PEX),0,2022
Fauna,anfibios,Anura,Cycloramphidae,Thoropa lutzi,CR (PEX),0,2022
Fauna,anfibios,Anura,Cycloramphidae,Thoropa petropolitana,CR (PEX),1,2022
Fauna,anfibios,Anura,Eleutherodactylidae,Adelophryne maranguapensis,CR,1,2022
Fauna,anfibios,Anura,Hylidae,Boana buriti,VU,0,2022
Fauna,anfibios,Anura,Hylidae,Boana cymbalum,EX,0,2022
Fauna,anfibios,Anura,Hylidae,Bokermannohyla napolii,VU,0,2022
Fauna,anfibios,Anura,Hylidae,Bokermannohyla vulcaniae,EN,1,2022
Fauna,anfibios,Anura,Hylidae,Nyctimantis pomba,CR,1,2022
Fauna,anfibios,Anura,Hylidae,Scinax alcatraz,VU,1,2022
Fauna,anfibios,Anura,Hylidae,Scinax faivovichi,VU,1,2022
Fauna,anfibios,Anura,Hylidae,Scinax muriciensis,CR,0,2022
Fauna,anfibios,Anura,Hylidae,Scinax peixotoi,CR (PEX),1,2022
Fauna,anfibios,Anura,Hylidae,Scinax pinimus,VU,0,2022
Fauna,anfibios,Anura,Hylidae,Sphaenorhynchus bromelicola,EN,0,2022
Fauna,anfibios,Anura,Hylidae,Sphaenorhynchus cammaeus,CR,0,2022
Fauna,anfibios,Anura,Hylidae,Sphaenorhynchus canga,CR,0,2022
Fauna,anfibios,Anura,Hylidae,Xenohyla truncata,VU,1,2022
Fauna,anfibios,Anura,Hylodidae,Crossodactylus boulengeri,CR (PEX),0,2022
Fauna,anfibios,Anura,Hylodidae,Crossodactylus dantei,CR,1,2022
Fauna,anfibios,Anura,Hylodidae,Crossodactylus dispar,CR (PEX),0,2022
Fauna,anfibios,Anura,Hylodidae,Crossodactylus franciscanus,CR (PEX),0,2022
Fauna,anfibios,Anura,Hylodidae,Hylodes glaber,CR (PEX),0,2022
Fauna,anfibios,Anura,Hylodidae,Hylodes magalhaesi,VU,0,2022
Fauna,anfibios,Anura,Hylodidae,Hylodes mertensi,CR,0,2022
Fauna,anfibios,Anura,Hylodidae,Hylodes sazimai,EN,0,2022
Fauna,anfibios,Anura,Leptodactylidae,Crossodactylodes itambe,CR,0,2022
Fauna,anfibios,Anura,Leptodactylidae,Crossodactylodes izecksohni,EN,0,2022
Fauna,anfibios,Anura,Leptodactylidae,Paratelmatobius lutzii,CR (PEX),1,2022
Fauna,anfibios,Anura,Leptodactylidae,Physalaemus soaresi,CR,1,2022
Fauna,anfibios,Anura,Microhylidae,Chiasmocleis alagoana,VU,1,2022
Fauna,anfibios,Anura,Odontophrynidae,Proceratophrys ararype,CR,0,2022
Fauna,anfibios,Anura,Odontophrynidae,Proceratophrys palustris,CR,1,2022
Fauna,anfibios,Anura,Odontophrynidae,Proceratophrys sanctaritae,CR,1,2022
Fauna,anfibios,Anura,Phyllomedusidae,Phrynomedusa fimbriata,EX,1,2022
Fauna,anfibios,Anura,Phyllomedusidae,Phrynomedusa marginata,CR (PEX),0,2022
Fauna,anfibios,Anura,Phyllomedusidae,Phrynomedusa vanzolinii,CR (PEX),0,2022
Fauna,anfibios,Anura,Phyllomedusidae,Pithecopus rusticus,CR,0,2022
Fauna,anfibios,Anura,Strabomantidae,Euparkerella robusta,CR,0,2022
Fauna,anfibios,Anura,Strabomantidae,Holoaden bradei,CR (PEX),1,2022
Fauna,repteis,Squamata,Amphisbaenidae,Amphisbaena arda,EN,1,2022
Fauna,repteis,Squamata,Amphisbaenidae,Amphisbaena frontalis,EN,1,2022
Fauna,repteis,Squamata,Amphisbaenidae,Amphisbaena nigricauda,EN,1,2022
Fauna,repteis,Squamata,Amphisbaenidae,Amphisbaena supernumeraria,EN,1,2022
Fauna,repteis,Squamata,Amphisbaenidae,Amphisbaena uroxena,EN,1,2022
Fauna,repteis,Squamata,Amphisbaenidae,Leposternon kisteumacheri,VU,1,2022
Fauna,repteis,Squamata,Amphisbaenidae,Leposternon octostegum,EN,1,2022
Fauna,repteis,Squamata,Amphisbaenidae,Leposternon scutigerum,EN,1,2022
Fauna,repteis,Squamata,Boidae,Corallus cropanii,VU,1,2022
Fauna,repteis,Squamata,Dactyloidae,Dactyloa nasofrontalis,VU,1,2022
Fauna,repteis,Squamata,Dactyloidae,Dactyloa pseudotigrina,VU,1,2022
Fauna,repteis,Squamata,Dipsadidae,Apostolepis arenaria,EN,1,2022
Fauna,repteis,Squamata,Dipsadidae,Apostolepis gaboi,EN,1,2022
Fauna,repteis,Squamata,Dipsadidae,Apostolepis quirogai,EN,1,2022
Fauna,repteis,Squamata,Dipsadidae,Apostolepis striata,EN,1,2022
Fauna,repteis,Squamata,Dipsadidae,Atractus caete,EN,1,2022
Fauna,repteis,Squamata,Dipsadidae,Atractus ronnie,EN,1,2022
Fauna,repteis,Squamata,Dipsadidae,Atractus thalesdelemai,EN,1,2022
Fauna,repteis,Squamata,Dipsadidae,Calamodontophis ronaldoi,EN,1,2022
Fauna,repteis,Squamata,Dipsadidae,Ditaxodon taeniatus,VU,1,2022
Fauna,repteis,Squamata,Dipsadidae,Echinanthera cephalomaculata,VU,1,2022
Fauna,repteis,Squamata,Dipsadidae,Phalotris multipunctatus,EN,1,2022
Fauna,repteis,Squamata,Dipsadidae,Philodryas livida,VU,1,2022
Fauna,repteis,Squamata,Dipsadidae,Rodriguesophis chui,EN,1,2022
Fauna,repteis,Squamata,Dipsadidae,Rodriguesophis scriptorcibatus,EN,1,2022
Fauna,repteis,Squamata,Gymnophthalmidae,Bachia didactyla,EN,1,2022
Fauna,repteis,Squamata,Gymnophthalmidae,Bachia psamophila,CR,1,2022
Fauna,repteis,Squamata,Gymnophthalmidae,Calyptommatus leiolepis,EN,1,2022
Fauna,repteis,Squamata,Gymnophthalmidae,Calyptommatus nicterus,EN,1,2022
Fauna,repteis,Squamata,Gymnophthalmidae,Calyptommatus sinebrachiatus,EN,1,2022
Fauna,repteis,Squamata,Gymnophthalmidae,Colobodactylus dalcyanus,EN,1,2022
Fauna,repteis,Squamata,Gymnophthalmidae,Heterodactylus lundii,VU,1,2022
Fauna,repteis,Squamata,Gymnophthalmidae,Heterodactylus septentrionalis,EN,1,2022
Fauna,repteis,Squamata,Gymnophthalmidae,Leposoma annectans,VU,1,2022
Fauna,repteis,Squamata,Gymnophthalmidae,Leposoma baturitensis,EN,1,2022
Fauna,repteis,Squamata,Gymnophthalmidae,Leposoma nanodactylus,EN,1,2022
Fauna,repteis,Squamata,Gymnophthalmidae,Leposoma puk,EN,1,2022
Fauna,repteis,Squamata,Gymnophthalmidae,Placosoma cipoense,EN,1,2022
Fauna,repteis,Squamata,Gymnophthalmidae,Procellosaurinus tetradactylus,EN,1,2022
Fauna,repteis,Squamata,Leiosauridae,Enyalius erythroceneus,CR,1,2022
Fauna,repteis,Squamata,Liolaemidae,Liolaemus arambarensis,EN,1,2022
Fauna,repteis,Squamata,Liolaemidae,Liolaemus lutzae,CR,1,2022
Fauna,repteis,Squamata,Liolaemidae,Liolaemus occipitalis,VU,1,2022
Fauna,repteis,Squamata,Mabuyidae,Brasiliscincus caissara,EN,1,2022
Fauna,repteis,Squamata,Phyllodactylidae,Homonota uruguayensis,VU,1,2022
Fauna,repteis,Squamata,Sphaerodactylidae,Coleodactylus natalensis,EN,1,2022
Fauna,repteis,Squamata,Sphaerodactylidae,Gonatodes tapajonicus,EN,1,2022
Fauna,repteis,Squamata,Teiidae,Ameiva parecis,EN,1,2022
Fauna,repteis,Squamata,Teiidae,Ameivula nativo,EN,1,2022
Fauna,repteis,Squamata,Teiidae,Contomastix vacariensis,VU,1,2022
Fauna,repteis,Squamata,Teiidae,Glaucomastix abaetensis,EN,1,2022
Fauna,repteis,Squamata,Teiidae,Glaucomastix littoralis,EN,1,2022
Fauna,repteis,Squamata,Teiidae,Kentropyx vanzoi,VU,1,2022
Fauna,repteis,Squamata,Tropidophiidae,Tropidophis grapiuna,VU,1,2022
Fauna,repteis,Squamata,Tropiduridae,Eurolophosaurus amathites,EN,1,2022
Fauna,repteis,Squamata,Tropiduridae,Stenocercus azureus,EN,1,2022
Fauna,repteis,Squamata,Tropiduridae,Stenocercus dumerilii,VU,1,2022
Fauna,repteis,Squamata,Tropiduridae,Tropidurus erythrocephalus,VU,1,2022
Fauna,repteis,Squamata,Tropiduridae,Tropidurus hygomi,VU,1,2022
Fauna,repteis,Squamata,Tropiduridae,Tropidurus imbituba,CR,1,2022
Fauna,repteis,Squamata,Tropiduridae,Tropidurus psammonastes,EN,1,2022
Fauna,repteis,Squamata,Viperidae,Bothrops alcatraz,CR,1,2022
Fauna,repteis,Squamata,Viperidae,Bothrops insularis,CR,1,2022
Fauna,repteis,Squamata,Viperidae,Bothrops muriciensis,EN,1,2022
Fauna,repteis,Squamata,Viperidae,Bothrops otavioi,CR,1,2022
Fauna,repteis,Squamata,Viperidae,Bothrops pirajai,EN,1,2022
Fauna,repteis,Testudines,Chelidae,Ranacephala hogei,VU,1,2022
Fauna,repteis,Testudines,Cheloniidae,Caretta caretta,VU,1,2022
Fauna,repteis,Testudines,Cheloniidae,Eretmochelys imbricata,EN,1,2022
Fauna,repteis,Testudines,Cheloniidae,Lepidochelys olivacea,VU,1,2022
Fauna,repteis,Testudines,Dermochelyidae,Dermochelys coriacea,CR,1,2022
Fauna,aves,Accipitriformes,Accipitridae,Amadonastur lacernulatus,VU,1,2022
Fauna,aves,Accipitriformes,Accipitridae,Circus cinereus,VU,1,2022
Fauna,aves,Accipitriformes,Accipitridae,Harpia harpyja,VU,1,2022
Fauna,aves,Accipitriformes,Accipitridae,Leptodon forbesi,EN,1,2022
Fauna,aves,Accipitriformes,Accipitridae,Morphnus guianensis,VU,1,2022
Fauna,aves,Accipitriformes,Accipitridae,Urubitinga coronata,EN,1,2022
Fauna,aves,Anseriformes,Anatidae,Mergus octosetaceus,CR,1,2022
Fauna,aves,Apodiformes,Trochilidae,Augastes lumachella,EN,1,2022
Fauna,aves,Apodiformes,Trochilidae,Campylopterus calcirupicola,EN,0,2022
Fauna,aves,Apodiformes,Trochilidae,Colibri delphinae greenewalti,EN,0,2022
Fauna,aves,Apodiformes,Trochilidae,Discosura langsdorffi langsdorffi,EN,1,2022
Fauna,aves,Apodiformes,Trochilidae,Glaucis dohrnii,VU,1,2022
Fauna,aves,Apodiformes,Trochilidae,Lophornis gouldii,VU,1,2022
Fauna,aves,Apodiformes,Trochilidae,Phaethornis aethopygus,VU,1,2022
Fauna,aves,Apodiformes,Trochilidae,Phaethornis major,VU,1,2022
Fauna,aves,Apodiformes,Trochilidae,Phaethornis margarettae,EN,1,2022
Fauna,aves,Apodiformes,Trochilidae,Thalurania watertonii,EN,1,2022
Fauna,aves,Caprimulgiformes,Caprimulgidae,Hydropsalis candicans,EN,1,2022
Fauna,aves,Caprimulgiformes,Caprimulgidae,Nyctiprogne vielliardi,EN,0,2022
Fauna,aves,Charadriiformes,Burhinidae,Burhinus bistriatus,VU,0,2022
Fauna,aves,Charadriiformes,Charadriidae,Charadrius wilsonia,VU,1,2022
Fauna,aves,Charadriiformes,Laridae,Sterna dougallii,VU,1,2022
Fauna,aves,Charadriiformes,Laridae,Sterna hirundinacea,VU,1,2022
Fauna,aves,Charadriiformes,Laridae,Thalasseus acuflavidus,VU,0,2022
Fauna,aves,Charadriiformes,Laridae,Thalasseus maximus,EN,1,2022
Fauna,aves,Charadriiformes,Scolopacidae,Calidris canutus,VU,1,2022
Fauna,aves,Charadriiformes,Scolopacidae,Calidris pusilla,EN,1,2022
Fauna,aves,Charadriiformes,Scolopacidae,Calidris subruficollis,VU,1,2022
Fauna,aves,Charadriiformes,Scolopacidae,Limnodromus griseus,EN,1,2022
Fauna,aves,Charadriiformes,Scolopacidae,Numenius borealis,RE,1,2022
Fauna,aves,Charadriiformes,Scolopacidae,Numenius hudsonicus,VU,0,2022
Fauna,aves,Columbiformes,Columbidae,Columbina cyanopis,CR,1,2022
Fauna,aves,Columbiformes,Columbidae,Paraclaravis geoffroyi,CR (PEX),1,2022
Fauna,aves,Coraciiformes,Momotidae,Momotus momota marcgraviana,EN,1,2022
Fauna,aves,Cuculiformes,Cuculidae,Neomorphus geoffroyi,VU,1,2022
Fauna,aves,Cuculiformes,Cuculidae,Neomorphus geoffroyi amazonicus,VU,1,2022
Fauna,aves,Cuculiformes,Cuculidae,Neomorphus geoffroyi dulcis,EN,1,2022
Fauna,aves,Cuculiformes,Cuculidae,Neomorphus geoffroyi geoffroyi,CR (PEX),1,2022
Fauna,aves,Cuculiformes,Cuculidae,Neomorphus squamiger,VU,1,2022
Fauna,aves,Galbuliformes,Bucconidae,Malacoptila minor,VU,0,2022
Fauna,aves,Galbuliformes,Bucconidae,Monasa morphoeus morphoeus,EN,1,2022
Fauna,aves,Galliformes,Cracidae,Aburria cujubi,VU,0,2022
Fauna,aves,Galliformes,Cracidae,Aburria jacutinga,EN,1,2022
Fauna,aves,Galliformes,Cracidae,Crax blumenbachii,EN,1,2022
Fauna,aves,Galliformes,Cracidae,Crax fasciolata pinima,CR,1,2022
Fauna,aves,Galliformes,Cracidae,Crax globulosa,EN,1,2022
Fauna,aves,Galliformes,Cracidae,Ortalis remota,CR,1,2022
Fauna,aves,Galliformes,Cracidae,Pauxi mitu,EW,1,2022
Fauna,aves,Galliformes,Cracidae,Penelope jacucaca,VU,1,2022
Fauna,aves,Galliformes,Cracidae,Penelope pileata,VU,1,2022
Fauna,aves,Galliformes,Cracidae,Penelope superciliaris alagoensis,CR,1,2022
Fauna,aves,Galliformes,Odontophoridae,Odontophorus capueira plumbeicollis,CR,1,2022
Fauna,aves,Gruiformes,Psophiidae,Psophia dextralis,VU,1,2022
Fauna,aves,Gruiformes,Psophiidae,Psophia interjecta,EN,1,2022
Fauna,aves,Gruiformes,Psophiidae,Psophia obscura,CR,1,2022
Fauna,aves,Gruiformes,Psophiidae,Psophia viridis,VU,0,2022
Fauna,aves,Gruiformes,Rallidae,Laterallus spilopterus,EN,1,2022
Fauna,aves,Gruiformes,Rallidae,Laterallus xenopterus,EN,0,2022
Fauna,aves,Nyctibiiformes,Nyctibiidae,Nyctibius aethereus aethereus,EN,1,2022
Fauna,aves,Nyctibiiformes,Nyctibiidae,Nyctibius leucopterus,CR,1,2022
Fauna,aves,Passeriformes,Cardinalidae,Granatellus pelzelni paraensis,VU,0,2022
Fauna,aves,Passeriformes,Conopophagidae,Conopophaga cearae,EN,1,2022
Fauna,aves,Passeriformes,Conopophagidae,Conopophaga lineata lineata,VU,1,2022
Fauna,aves,Passeriformes,Corvidae,Cyanocorax hafferi,VU,1,2022
Fauna,aves,Passeriformes,Cotingidae,Cotinga maculata,EN,1,2022
Fauna,aves,Passeriformes,Cotingidae,Lipaugus conditus,VU,1,2022
Fauna,aves,Passeriformes,Cotingidae,Procnias albus wallacei,VU,1,2022
Fauna,aves,Passeriformes,Cotingidae,Xipholena atropurpurea,VU,1,2022
Fauna,aves,Passeriformes,Cotingidae,Xipholena lamellipennis,VU,0,2022
Fauna,aves,Passeriformes,Dendrocolaptidae,Campylorhamphus cardosoi,VU,1,2022
Fauna,aves,Passeriformes,Dendrocolaptidae,Campylorhamphus multostriatus,VU,1,2022
Fauna,aves,Passeriformes,Dendrocolaptidae,Campylorhamphus trochilirostris trochilirostris,VU,1,2022
Fauna,aves,Passeriformes,Dendrocolaptidae,Dendrexetastes rufigula paraensis,VU,1,2022
Fauna,aves,Passeriformes,Dendrocolaptidae,Dendrocincla merula badia,VU,1,2022
Fauna,aves,Passeriformes,Dendrocolaptidae,Dendrocincla taunayi,EN,1,2022
Fauna,aves,Passeriformes,Dendrocolaptidae,Dendrocolaptes medius,VU,1,2022
Fauna,aves,Passeriformes,Dendrocolaptidae,Dendrocolaptes retentus,VU,1,2022
Fauna,aves,Passeriformes,Dendrocolaptidae,Dendrocolaptes transfasciatus,VU,1,2022
Fauna,aves,Passeriformes,Dendrocolaptidae,Hylexetastes brigidai,VU,1,2022
Fauna,aves,Passeriformes,Dendrocolaptidae,Hylexetastes uniformis,VU,0,2022
Fauna,aves,Passeriformes,Dendrocolaptidae,Xiphocolaptes carajaensis,VU,1,2022
Fauna,aves,Passeriformes,Dendrocolaptidae,Xiphocolaptes falcirostris,VU,1,2022
Fauna,aves,Passeriformes,Dendrocolaptidae,Xiphorhynchus atlanticus,VU,1,2022
Fauna,aves,Passeriformes,Dendrocolaptidae,Xiphorhynchus guttatoides gracilirostris,EN,1,2022
Fauna,aves,Passeriformes,Formicariidae,Chamaeza nobilis fulvipectus,VU,1,2022
Fauna,aves,Passeriformes,Fringillidae,Spinus yarrellii,VU,1,2022
Fauna,aves,Passeriformes,Furnariidae,Acrobatornis fonsecai,VU,1,2022
Fauna,aves,Passeriformes,Furnariidae,Anabazenops dorsalis,VU,0,2022
Fauna,aves,Passeriformes,Furnariidae,Asthenes hudsoni,VU,1,2022
Fauna,aves,Passeriformes,Furnariidae,Asthenes luizae,EN,0,2022
Fauna,aves,Passeriformes,Furnariidae,Automolus lammi,EN,1,2022
Fauna,aves,Passeriformes,Furnariidae,Cichlocolaptes mazarbarnetti,EX,1,2022
Fauna,aves,Passeriformes,Furnariidae,Cinclodes espinhacensis,EN,1,2022
Fauna,aves,Passeriformes,Furnariidae,Coryphistera alaudina,CR,1,2022
Fauna,aves,Passeriformes,Furnariidae,Leptasthenura platensis,CR,1,2022
Fauna,aves,Passeriformes,Furnariidae,Philydor novaesi,EX,1,2022
Fauna,aves,Passeriformes,Furnariidae,Pseudoseisura lophotes,VU,1,2022
Fauna,aves,Passeriformes,Furnariidae,Synallaxis infuscata,EN,1,2022
Fauna,aves,Passeriformes,Furnariidae,Synallaxis kollari,VU,1,2022
Fauna,aves,Passeriformes,Furnariidae,Syndactyla ucayalae,VU,0,2022
Fauna,aves,Passeriformes,Furnariidae,Thripophaga macroura,VU,1,2022
Fauna,aves,Passeriformes,Grallariidae,Grallaria varia distincta,VU,1,2022
Fauna,aves,Passeriformes,Grallariidae,Grallaria varia intercedens,EN,1,2022
Fauna,aves,Passeriformes,Grallariidae,Hylopezus paraensis,VU,1,2022
Fauna,aves,Passeriformes,Grallariidae,Hylopezus whittakeri,VU,0,2022
Fauna,aves,Passeriformes,Icteridae,Anumara forbesi,VU,1,2022
Fauna,aves,Passeriformes,Icteridae,Cacicus koepckeae,VU,0,2022
Fauna,aves,Passeriformes,Icteridae,Leistes defilippii,RE,1,2022
Fauna,aves,Passeriformes,Icteridae,Xanthopsar flavus,VU,1,2022
Fauna,aves,Passeriformes,Motacillidae,Anthus nattereri,VU,1,2022
Fauna,aves,Passeriformes,Onychorhynchidae,Onychorhynchus swainsoni,VU,0,2022
Fauna,aves,Passeriformes,Oxyruncidae,Oxyruncus cristatus tocantinsi,VU,0,2022
Fauna,aves,Passeriformes,Passerellidae,Arremonops conirostris,EN,1,2022
Fauna,aves,Passeriformes,Pipridae,Antilophia bokermanni,CR,1,2022
Fauna,aves,Passeriformes,Pipridae,Lepidothrix iris,EN,1,2022
Fauna,aves,Passeriformes,Pipridae,Lepidothrix iris iris,EN,1,2022
Fauna,aves,Passeriformes,Pipridae,Lepidothrix vilasboasi,EN,1,2022
Fauna,aves,Passeriformes,Pipridae,Neopelma aurifrons,EN,1,2022
Fauna,aves,Passeriformes,Platyrinchidae,Calyptura cristata,CR (PEX),1,2022
Fauna,aves,Passeriformes,Platyrinchidae,Platyrinchus leucoryphus,VU,0,2022
Fauna,aves,Passeriformes,Platyrinchidae,Platyrinchus mystaceus niveigularis,VU,1,2022
Fauna,aves,Passeriformes,Rhinocryptidae,Eleoscytalopus psychopompus,EN,1,2022
Fauna,aves,Passeriformes,Rhinocryptidae,Merulaxis stresemanni,CR,1,2022
Fauna,aves,Passeriformes,Rhinocryptidae,Scytalopus diamantinensis,EN,1,2022
Fauna,aves,Passeriformes,Rhinocryptidae,Scytalopus gonzagai,EN,1,2022
Fauna,aves,Passeriformes,Rhinocryptidae,Scytalopus iraiensis,EN,1,2022
Fauna,aves,Passeriformes,Rhinocryptidae,Scytalopus novacapitalis,EN,1,2022
Fauna,aves,Passeriformes,Rhynchocyclidae,Cnipodectes superrufus,VU,0,2022
Fauna,aves,Passeriformes,Rhynchocyclidae,Hemitriccus kaempferi,VU,1,2022
Fauna,aves,Passeriformes,Rhynchocyclidae,Hemitriccus mirandae,EN,1,2022
Fauna,aves,Passeriformes,Rhynchocyclidae,Phylloscartes beckeri,EN,1,2022
Fauna,aves,Passeriformes,Rhynchocyclidae,Phylloscartes ceciliae,CR,1,2022
Fauna,aves,Passeriformes,Rhynchocyclidae,Phylloscartes roquettei,EN,1,2022
Fauna,aves,Passeriformes,Rhynchocyclidae,Poecilotriccus albifacies,VU,0,2022
Fauna,aves,Passeriformes,Scleruridae,Geositta poeciloptera,VU,1,2022
Fauna,aves,Passeriformes,Scleruridae,Sclerurus caudacutus caligineus,CR,1,2022
Fauna,aves,Passeriformes,Scleruridae,Sclerurus caudacutus umbretta,CR,1,2022
Fauna,aves,Passeriformes,Scleruridae,Sclerurus cearensis,EN,1,2022
Fauna,aves,Passeriformes,Scleruridae,Sclerurus macconnelli bahiae,EN,1,2022
Fauna,aves,Passeriformes,Thamnophilidae,Clytoctantes atrogularis,VU,0,2022
Fauna,aves,Passeriformes,Thamnophilidae,Dysithamnus plumbeus,EN,1,2022
Fauna,aves,Passeriformes,Thamnophilidae,Epinecrophylla dentei,VU,0,2022
Fauna,aves,Passeriformes,Thamnophilidae,Formicivora acutirostris,VU,1,2022
Fauna,aves,Passeriformes,Thamnophilidae,Formicivora erythronotos,CR,1,2022
Fauna,aves,Passeriformes,Thamnophilidae,Formicivora grantsaui,EN,1,2022
Fauna,aves,Passeriformes,Thamnophilidae,Formicivora littoralis,EN,1,2022
Fauna,aves,Passeriformes,Thamnophilidae,Formicivora paludicola,CR,1,2022
Fauna,aves,Passeriformes,Thamnophilidae,Hypocnemis hypoxantha ochraceiventris,VU,0,2022
Fauna,aves,Passeriformes,Thamnophilidae,Hypocnemis ochrogyna,VU,1,2022
Fauna,aves,Passeriformes,Thamnophilidae,Hypocnemis striata,VU,0,2022
Fauna,aves,Passeriformes,Thamnophilidae,Myrmoderus ruficauda,EN,1,2022
Fauna,aves,Passeriformes,Thamnophilidae,Myrmotherula fluminensis,CR (PEX),1,2022
Fauna,aves,Passeriformes,Thamnophilidae,Myrmotherula minor,VU,1,2022
Fauna,aves,Passeriformes,Thamnophilidae,Myrmotherula oreni,VU,0,2022
Fauna,aves,Passeriformes,Thamnophilidae,Myrmotherula snowi,CR,1,2022
Fauna,aves,Passeriformes,Thamnophilidae,Myrmotherula urosticta,VU,1,2022
Fauna,aves,Passeriformes,Thamnophilidae,Phlegopsis borbae,VU,0,2022
Fauna,aves,Passeriformes,Thamnophilidae,Phlegopsis nigromaculata confinis,VU,1,2022
Fauna,aves,Passeriformes,Thamnophilidae,Phlegopsis nigromaculata paraensis,VU,1,2022
Fauna,aves,Passeriformes,Thamnophilidae,Pyriglena atra,EN,1,2022
Fauna,aves,Passeriformes,Thamnophilidae,Pyriglena pernambucensis,VU,1,2022
Fauna,aves,Passeriformes,Thamnophilidae,Rhegmatorhina gymnops,VU,1,2022
Fauna,aves,Passeriformes,Thamnophilidae,Rhegmatorhina hoffmannsi,VU,0,2022
Fauna,aves,Passeriformes,Thamnophilidae,Rhopornis ardesiacus,EN,1,2022
Fauna,aves,Passeriformes,Thamnophilidae,Terenura sicki,CR,1,2022
Fauna,aves,Passeriformes,Thamnophilidae,Thamnomanes caesius caesius,VU,1,2022
Fauna,aves,Passeriformes,Thamnophilidae,Thamnophilus aethiops distans,EN,1,2022
Fauna,aves,Passeriformes,Thamnophilidae,Thamnophilus caerulescens cearensis,VU,1,2022
Fauna,aves,Passeriformes,Thamnophilidae,Thamnophilus caerulescens pernambucensis,VU,1,2022
Fauna,aves,Passeriformes,Thamnophilidae,Thamnophilus nigrocinereus huberi,VU,0,2022
Fauna,aves,Passeriformes,Thamnophilidae,Thamnophilus nigrocinereus tschudii,EN,1,2022
Fauna,aves,Passeriformes,Thraupidae,Conothraupis mesoleuca,EN,1,2022
Fauna,aves,Passeriformes,Thraupidae,Coryphaspiza melanotis,VU,1,2022
Fauna,aves,Passeriformes,Thraupidae,Gubernatrix cristata,CR,1,2022
Fauna,aves,Passeriformes,Thraupidae,Nemosia rourei,CR,1,2022
Fauna,aves,Passeriformes,Thraupidae,Sporophila beltoni,VU,1,2022
Fauna,aves,Passeriformes,Thraupidae,Sporophila falcirostris,VU,1,2022
Fauna,aves,Passeriformes,Thraupidae,Sporophila frontalis,VU,1,2022
Fauna,aves,Passeriformes,Thraupidae,Sporophila hypoxantha,VU,1,2022
Fauna,aves,Passeriformes,Thraupidae,Sporophila maximiliani,CR,1,2022
Fauna,aves,Passeriformes,Thraupidae,Sporophila melanogaster,VU,1,2022
Fauna,aves,Passeriformes,Thraupidae,Sporophila nigrorufa,VU,1,2022
Fauna,aves,Passeriformes,Thraupidae,Sporophila palustris,VU,1,2022
Fauna,aves,Passeriformes,Thraupidae,Sporophila ruficollis,VU,1,2022
Fauna,aves,Passeriformes,Thraupidae,Tangara cyanocephala cearensis,VU,1,2022
Fauna,aves,Passeriformes,Thraupidae,Tangara fastuosa,VU,1,2022
Fauna,aves,Passeriformes,Thraupidae,Tangara velia signata,VU,1,2022
Fauna,aves,Passeriformes,Tityridae,Iodopleura pipra,EN,1,2022
Fauna,aves,Passeriformes,Tityridae,Iodopleura pipra leucopygia,EN,1,2022
Fauna,aves,Passeriformes,Tityridae,Iodopleura pipra pipra,EN,1,2022
Fauna,aves,Passeriformes,Tityridae,Laniisoma elegans,EN,0,2022
Fauna,aves,Passeriformes,Tityridae,Schiffornis turdina intermedia,VU,1,2022
Fauna,aves,Passeriformes,Troglodytidae,Cyphorhinus griseolateralis,VU,0,2022
Fauna,aves,Passeriformes,Turdidae,Cichlopsis leucogenys,EN,1,2022
Fauna,aves,Passeriformes,Tyrannidae,Alectrurus tricolor,VU,1,2022
Fauna,aves,Passeriformes,Tyrannidae,Attila spadiceus uropygiatus,EN,1,2022
Fauna,aves,Passeriformes,Tyrannidae,Contopus nigrescens,VU,0,2022
Fauna,aves,Passeriformes,Tyrannidae,Elaenia ridleyana,VU,1,2022
Fauna,aves,Passeriformes,Tyrannidae,Knipolegus franciscanus,VU,0,2022
Fauna,aves,Passeriformes,Tyrannidae,Phyllomyias reiseri,EN,0,2022
Fauna,aves,Passeriformes,Tyrannidae,Serpophaga hypoleuca pallida,VU,1,2022
Fauna,aves,Passeriformes,Tyrannidae,Stigmatura napensis napensis,VU,1,2022
Fauna,aves,Passeriformes,Tyrannidae,Xolmis dominicanus,VU,1,2022
Fauna,aves,Passeriformes,Vireonidae,Vireo gracilirostris,VU,1,2022
Fauna,aves,Passeriformes,Xenopidae,Xenops minutus alagoanus,VU,1,2022
Fauna,aves,Pelecaniformes,Ardeidae,Tigrisoma fasciatum,VU,1,2022
Fauna,aves,Phaethontiformes,Phaethontidae,Phaethon aethereus,EN,1,2022
Fauna,aves,Phaethontiformes,Phaethontidae,Phaethon lepturus,EN,1,2022
Fauna,aves,Piciformes,Capitonidae,Capito dayi,VU,1,2022
Fauna,aves,Piciformes,Picidae,Celeus flavus subflavus,CR,1,2022
Fauna,aves,Piciformes,Picidae,Celeus galeatus,EN,1,2022
Fauna,aves,Piciformes,Picidae,Celeus obrieni,VU,1,2022
Fauna,aves,Piciformes,Picidae,Celeus torquatus pieteroyensi,VU,1,2022
Fauna,aves,Piciformes,Picidae,Celeus torquatus tinnunculus,EN,1,2022
Fauna,aves,Piciformes,Picidae,Piculus paraensis,VU,1,2022
Fauna,aves,Piciformes,Picidae,Piculus polyzonus,EN,1,2022
Fauna,aves,Piciformes,Ramphastidae,Pteroglossus bitorquatus bitorquatus,VU,1,2022
Fauna,aves,Piciformes,Ramphastidae,Selenidera gouldii baturitensis,EN,1,2022
Fauna,aves,Procellariiformes,Diomedeidae,Diomedea dabbenena,CR,1,2022
Fauna,aves,Procellariiformes,Diomedeidae,Diomedea epomophora,VU,1,2022
Fauna,aves,Procellariiformes,Diomedeidae,Diomedea exulans,CR,1,2022
Fauna,aves,Procellariiformes,Diomedeidae,Diomedea sanfordi,EN,1,2022
Fauna,aves,Procellariiformes,Diomedeidae,Thalassarche chlororhynchos,EN,1,2022
Fauna,aves,Procellariiformes,Procellariidae,Procellaria aequinoctialis,VU,1,2022
Fauna,aves,Procellariiformes,Procellariidae,Procellaria conspicillata,VU,1,2022
Fauna,aves,Procellariiformes,Procellariidae,Pterodroma arminjoniana,CR,1,2022
Fauna,aves,Procellariiformes,Procellariidae,Pterodroma deserta,VU,1,2022
Fauna,aves,Procellariiformes,Procellariidae,Pterodroma incerta,EN,1,2022
Fauna,aves,Procellariiformes,Procellariidae,Pterodroma madeira,EN,1,2022
Fauna,aves,Procellariiformes,Procellariidae,Puffinus lherminieri,CR,1,2022
Fauna,aves,Psittaciformes,Psittacidae,Amazona pretrei,VU,1,2022
Fauna,aves,Psittaciformes,Psittacidae,Amazona rhodocorytha,VU,1,2022
Fauna,aves,Psittaciformes,Psittacidae,Amazona vinacea,VU,1,2022
Fauna,aves,Psittaciformes,Psittacidae,Anodorhynchus glaucus,RE,1,2022
Fauna,aves,Psittaciformes,Psittacidae,Anodorhynchus leari,EN,1,2022
Fauna,aves,Psittaciformes,Psittacidae,Aratinga solstitialis,EN,1,2022
Fauna,aves,Psittaciformes,Psittacidae,Cyanopsitta spixii,CR,1,2022
Fauna,aves,Psittaciformes,Psittacidae,Guaruba guarouba,VU,1,2022
Fauna,aves,Psittaciformes,Psittacidae,Pionus reichenowi,VU,1,2022
Fauna,aves,Psittaciformes,Psittacidae,Pyrilia vulturina,VU,1,2022
Fauna,aves,Psittaciformes,Psittacidae,Pyrrhura amazonum,VU,0,2022
Fauna,aves,Psittaciformes,Psittacidae,Pyrrhura anerythra,VU,0,2022
Fauna,aves,Psittaciformes,Psittacidae,Pyrrhura coerulescens,VU,1,2022
Fauna,aves,Psittaciformes,Psittacidae,Pyrrhura cruentata,VU,1,2022
Fauna,aves,Psittaciformes,Psittacidae,Pyrrhura griseipectus,EN,1,2022
Fauna,aves,Psittaciformes,Psittacidae,Pyrrhura leucotis,VU,1,2022
Fauna,aves,Psittaciformes,Psittacidae,Pyrrhura molinae,VU,0,2022
Fauna,aves,Psittaciformes,Psittacidae,Pyrrhura pallescens,VU,0,2022
Fauna,aves,Psittaciformes,Psittacidae,Pyrrhura perlata,VU,0,2022
Fauna,aves,Psittaciformes,Psittacidae,Pyrrhura pfrimeri,EN,1,2022
Fauna,aves,Psittaciformes,Psittacidae,Touit melanonotus,VU,1,2022
Fauna,aves,Psittaciformes,Psittacidae,Touit surdus,VU,1,2022
Fauna,aves,Strigiformes,Strigidae,Glaucidium mooreorum,EX,1,2022
Fauna,aves,Strigiformes,Strigidae,Pulsatrix perspicillata pulsatrix,CR,1,2022
Fauna,aves,Strigiformes,Strigidae,Strix huhula albomarginata,VU,1,2022
Fauna,aves,Suliformes,Fregatidae,Fregata minor,CR,1,2022
Fauna,aves,Suliformes,Fregatidae,Fregata trinitatis,CR,1,2022
Fauna,aves,Suliformes,Sulidae,Sula sula,EN,1,2022
Fauna,aves,Tinamiformes,Tinamidae,Crypturellus zabele,VU,1,2022
Fauna,aves,Tinamiformes,Tinamidae,Nothura minor,EN,1,2022
Fauna,aves,Tinamiformes,Tinamidae,Taoniscus nanus,EN,1,2022
Fauna,aves,Tinamiformes,Tinamidae,Tinamus tao,VU,1,2022
Fauna,aves,Trogoniformes,Trogonidae,Trogon collaris eytoni,EN,1,2022
Fauna,mamiferos,Carnivora,Canidae,Atelocynus microtis,VU,1,2022
Fauna,mamiferos,Carnivora,Canidae,Chrysocyon brachyurus,VU,1,2022
Fauna,mamiferos,Carnivora,Canidae,Lycalopex vetulus,VU,1,2022
Fauna,mamiferos,Carnivora,Canidae,Speothos venaticus,VU,1,2022
Fauna,mamiferos,Carnivora,Felidae,Herpailurus yagouaroundi,VU,1,2022
Fauna,mamiferos,Carnivora,Felidae,Leopardus colocolo,VU,1,2022
Fauna,mamiferos,Carnivora,Felidae,Leopardus geoffroyi,VU,1,2022
Fauna,mamiferos,Carnivora,Felidae,Leopardus guttulus,VU,1,2022
Fauna,mamiferos,Carnivora,Felidae,Leopardus tigrinus,EN,1,2022
Fauna,mamiferos,Carnivora,Felidae,Leopardus wiedii,VU,1,2022
Fauna,mamiferos,Carnivora,Felidae,Panthera onca,VU,1,2022
Fauna,mamiferos,Carnivora,Mustelidae,Pteronura brasiliensis,VU,1,2022
Fauna,mamiferos,Cetartiodactyla,Balaenidae,Eubalaena australis,EN,1,2022
Fauna,mamiferos,Cetartiodactyla,Balaenopteridae,Balaenoptera borealis,EN,1,2022
Fauna,mamiferos,Cetartiodactyla,Balaenopteridae,Balaenoptera musculus,CR,1,2022
Fauna,mamiferos,Cetartiodactyla,Balaenopteridae,Balaenoptera physalus,EN,1,2022
Fauna,mamiferos,Cetartiodactyla,Cervidae,Blastocerus dichotomus,VU,1,2022
Fauna,mamiferos,Cetartiodactyla,Cervidae,Mazama nana,VU,1,2022
Fauna,mamiferos,Cetartiodactyla,Cervidae,Ozotoceros bezoarticus bezoarticus,VU,1,2022
Fauna,mamiferos,Cetartiodactyla,Delphinidae,Sotalia guianensis,VU,1,2022
Fauna,mamiferos,Cetartiodactyla,Delphinidae,Tursiops gephyreus,EN,0,2022
Fauna,mamiferos,Cetartiodactyla,Iniidae,Inia araguaiaensis,VU,0,2022
Fauna,mamiferos,Cetartiodactyla,Iniidae,Inia geoffrensis,EN,1,2022
Fauna,mamiferos,Cetartiodactyla,Physeteridae,Physeter macrocephalus,VU,1,2022
Fauna,mamiferos,Cetartiodactyla,Pontoporiidae,Pontoporia blainvillei,CR,1,2022
Fauna,mamiferos,Cetartiodactyla,Tayassuidae,Tayassu pecari,VU,1,2022
Fauna,mamiferos,Chiroptera,Furipteridae,Furipterus horrens,VU,1,2022
Fauna,mamiferos,Chiroptera,Natalidae,Natalus macrourus,VU,1,2022
Fauna,mamiferos,Chiroptera,Phyllostomidae,Lonchophylla bokermanni,VU,0,2022
Fauna,mamiferos,Chiroptera,Phyllostomidae,Lonchophylla dekeyseri,EN,1,2022
Fauna,mamiferos,Cingulata,Dasypodidae,Priodontes maximus,VU,1,2022
Fauna,mamiferos,Cingulata,Dasypodidae,Tolypeutes tricinctus,EN,1,2022
Fauna,mamiferos,Perissodactyla,Tapiridae,Tapirus terrestris,VU,1,2022
Fauna,mamiferos,Pilosa,Bradypodidae,Bradypus torquatus,VU,1,2022
Fauna,mamiferos,Pilosa,Myrmecophagidae,Myrmecophaga tridactyla,VU,1,2022
Fauna,mamiferos,Primates,Atelidae,Alouatta belzebul,VU,1,2022
Fauna,mamiferos,Primates,Atelidae,Alouatta discolor,VU,1,2022
Fauna,mamiferos,Primates,Atelidae,Alouatta guariba clamitans,VU,1,2022
Fauna,mamiferos,Primates,Atelidae,Alouatta guariba guariba,CR,1,2022
Fauna,mamiferos,Primates,Atelidae,Alouatta ululata,EN,1,2022
Fauna,mamiferos,Primates,Atelidae,Ateles belzebuth,VU,1,2022
Fauna,mamiferos,Primates,Atelidae,Ateles chamek,VU,1,2022
Fauna,mamiferos,Primates,Atelidae,Ateles marginatus,EN,1,2022
Fauna,mamiferos,Primates,Atelidae,Brachyteles arachnoides,EN,1,2022
Fauna,mamiferos,Primates,Atelidae,Brachyteles hypoxanthus,CR,1,2022
Fauna,mamiferos,Primates,Atelidae,Lagothrix lagothricha cana,EN,1,2022
Fauna,mamiferos,Primates,Atelidae,Lagothrix lagothricha lagothricha,VU,1,2022
Fauna,mamiferos,Primates,Atelidae,Lagothrix lagothricha poeppigii,VU,1,2022
Fauna,mamiferos,Primates,Callitrichidae,Callithrix aurita,EN,1,2022
Fauna,mamiferos,Primates,Callitrichidae,Callithrix flaviceps,EN,1,2022
Fauna,mamiferos,Primates,Callitrichidae,Leontopithecus caissara,EN,1,2022
Fauna,mamiferos,Primates,Callitrichidae,Leontopithecus chrysomelas,EN,1,2022
Fauna,mamiferos,Primates,Callitrichidae,Leontopithecus chrysopygus,EN,1,2022
Fauna,mamiferos,Primates,Callitrichidae,Leontopithecus rosalia,EN,1,2022
Fauna,mamiferos,Primates,Callitrichidae,Mico rondoni,VU,1,2022
Fauna,mamiferos,Primates,Callitrichidae,Saguinus bicolor,CR,1,2022
Fauna,mamiferos,Primates,Callitrichidae,Saguinus niger,VU,1,2022
Fauna,mamiferos,Primates,Cebidae,Cebus kaapori,CR,1,2022
Fauna,mamiferos,Primates,Cebidae,Saimiri vanzolinii,VU,1,2022
Fauna,mamiferos,Primates,Cebidae,Sapajus cay,VU,1,2022
Fauna,mamiferos,Primates,Cebidae,Sapajus flavius,EN,1,2022
Fauna,mamiferos,Primates,Cebidae,Sapajus robustus,EN,1,2022
Fauna,mamiferos,Primates,Cebidae,Sapajus xanthosternos,EN,1,2022
Fauna,mamiferos,Primates,Pitheciidae,Cacajao hosomi,EN,1,2022
Fauna,mamiferos,Primates,Pitheciidae,Callicebus barbarabrownae,CR,1,2022
Fauna,mamiferos,Primates,Pitheciidae,Callicebus coimbrai,EN,1,2022
Fauna,mamiferos,Primates,Pitheciidae,Callicebus melanochir,VU,1,2022
Fauna,mamiferos,Primates,Pitheciidae,Callicebus personatus,VU,1,2022
Fauna,mamiferos,Primates,Pitheciidae,Chiropotes satanas,CR,1,2022
Fauna,mamiferos,Primates,Pitheciidae,Chiropotes utahickae,VU,1,2022
Fauna,mamiferos,Rodentia,Caviidae,Cavia intermedia,CR,1,2022
Fauna,mamiferos,Rodentia,Caviidae,Kerodon acrobata,VU,1,2022
Fauna,mamiferos,Rodentia,Caviidae,Kerodon rupestris,VU,1,2022
Fauna,mamiferos,Rodentia,Cricetidae,Akodon mystax,VU,1,2022
Fauna,mamiferos,Rodentia,Cricetidae,Cerradomys goytaca,EN,1,2022
Fauna,mamiferos,Rodentia,Cricetidae,Euryoryzomys lamia,EN,1,2022
Fauna,mamiferos,Rodentia,Cricetidae,Gyldenstolpia planaltensis,EN,1,2022
Fauna,mamiferos,Rodentia,Cricetidae,Juscelinomys candango,CR (PEX),1,2022
Fauna,mamiferos,Rodentia,Cricetidae,Microakodontomys transitorius,EN,1,2022
Fauna,mamiferos,Rodentia,Cricetidae,Noronhomys vespuccii,EX,1,2022
Fauna,mamiferos,Rodentia,Cricetidae,Oligoryzomys rupestris,EN,1,2022
Fauna,mamiferos,Rodentia,Cricetidae,Rhipidomys cariri,VU,1,2022
Fauna,mamiferos,Rodentia,Cricetidae,Rhipidomys tribei,EN,1,2022
Fauna,mamiferos,Rodentia,Cricetidae,Thalpomys cerradensis,VU,1,2022
Fauna,mamiferos,Rodentia,Cricetidae,Thalpomys lasiotis,EN,1,2022
Fauna,mamiferos,Rodentia,Cricetidae,Wilfredomys oenax,EN,1,2022
Fauna,mamiferos,Rodentia,Ctenomyidae,Ctenomys bicolor,EN,1,2022
Fauna,mamiferos,Rodentia,Ctenomyidae,Ctenomys flamarioni,EN,1,2022
Fauna,mamiferos,Rodentia,Ctenomyidae,Ctenomys lami,EN,1,2022
Fauna,mamiferos,Rodentia,Ctenomyidae,Ctenomys minutus,VU,1,2022
Fauna,mamiferos,Rodentia,Echimyidae,Callistomys pictus,EN,1,2022
Fauna,mamiferos,Rodentia,Echimyidae,Phyllomys brasiliensis,EN,1,2022
Fauna,mamiferos,Rodentia,Echimyidae,Phyllomys lundi,EN,1,2022
Fauna,mamiferos,Rodentia,Echimyidae,Phyllomys thomasi,EN,1,2022
Fauna,mamiferos,Rodentia,Echimyidae,Phyllomys unicolor,CR,1,2022
Fauna,mamiferos,Rodentia,Echimyidae,Trinomys eliasi,VU,1,2022
Fauna,mamiferos,Rodentia,Echimyidae,Trinomys mirapitanga,EN,1,2022
Fauna,mamiferos,Rodentia,Echimyidae,Trinomys moojeni,EN,1,2022
Fauna,mamiferos,Rodentia,Echimyidae,Trinomys yonenagae,EN,1,2022
Fauna,mamiferos,Rodentia,Erethizontidae,Chaetomys subspinosus,VU,1,2022
Fauna,mamiferos,Rodentia,Erethizontidae,Coendou speratus,EN,1,2022
Fauna,mamiferos,Sirenia,Trichechidae,Trichechus inunguis,VU,1,2022
Fauna,mamiferos,Sirenia,Trichechidae,Trichechus manatus,EN,1,2022
Fauna,invertebrados_aquaticos,Amphipoda,Artesiidae,Spelaeogammarus bahiensis,VU,0,2022
Fauna,invertebrados_aquaticos,Amphipoda,Artesiidae,Spelaeogammarus sanctus,CR,0,2022
Fauna,invertebrados_aquaticos,Amphipoda,Artesiidae,Spelaeogammarus santanensis,CR,0,2022
Fauna,invertebrados_aquaticos,Amphipoda,Artesiidae,Spelaeogammarus spinilacertus,EN,0,2022
Fauna,invertebrados_aquaticos,Amphipoda,Artesiidae,Spelaeogammarus titan,CR,0,2022
Fauna,invertebrados_aquaticos,Amphipoda,Bogidiellidae,Megagidiella azul,VU,0,2022
Fauna,invertebrados_aquaticos,Amphipoda,Dogielinotidae,Hyalella caeca,VU,0,2022
Fauna,invertebrados_aquaticos,Amphipoda,Hyalellidae,Hyalella epikarstica,CR,0,2022
Fauna,invertebrados_aquaticos,Amphipoda,Hyalellidae,Hyalella formosa,CR,0,2022
Fauna,invertebrados_aquaticos,Amphipoda,Hyalellidae,Hyalella imbya,CR (PEX),0,2022
Fauna,invertebrados_aquaticos,Amphipoda,Hyalellidae,Hyalella veredae,CR,0,2022
Fauna,invertebrados_aquaticos,Amphipoda,Mesogammaridae,Potiberaba porakuara,VU,0,2022
Fauna,invertebrados_aquaticos,Amphipoda,Sebidae,Seborgia potiguar,CR,0,2022
Fauna,invertebrados_aquaticos,Caenogastropoda,Hydrobiidae,Potamolithus troglobius,CR,1,2022
Fauna,invertebrados_aquaticos,Coleoptera,Dytiscidae,Copelatus cessaima,EN,1,2022
Fauna,invertebrados_aquaticos,Decapoda,Aeglidae,Aegla brevipalma,CR,1,2022
Fauna,invertebrados_aquaticos,Decapoda,Aeglidae,Aegla camargoi,EN,1,2022
Fauna,invertebrados_aquaticos,Decapoda,Aeglidae,Aegla cavernicola,CR,1,2022
Fauna,invertebrados_aquaticos,Decapoda,Aeglidae,Aegla charon,CR,0,2022
Fauna,invertebrados_aquaticos,Decapoda,Aeglidae,Aegla franca,CR,1,2022
Fauna,invertebrados_aquaticos,Decapoda,Aeglidae,Aegla inconspicua,VU,1,2022
Fauna,invertebrados_aquaticos,Decapoda,Aeglidae,Aegla inermis,EN,1,2022
Fauna,invertebrados_aquaticos,Decapoda,Aeglidae,Aegla itacolomiensis,EN,1,2022
Fauna,invertebrados_aquaticos,Decapoda,Aeglidae,Aegla leachi,EN,1,2022
Fauna,invertebrados_aquaticos,Decapoda,Aeglidae,Aegla leptochela,CR,1,2022
Fauna,invertebrados_aquaticos,Decapoda,Aeglidae,Aegla leptodactyla,VU,1,2022
Fauna,invertebrados_aquaticos,Decapoda,Aeglidae,Aegla manuinflata,EN,1,2022
Fauna,invertebrados_aquaticos,Decapoda,Aeglidae,Aegla microphthalma,CR,1,2022
Fauna,invertebrados_aquaticos,Decapoda,Aeglidae,Aegla oblata,EN,1,2022
Fauna,invertebrados_aquaticos,Decapoda,Aeglidae,Aegla obstipa,EN,1,2022
Fauna,invertebrados_aquaticos,Decapoda,Aeglidae,Aegla perobae,CR,1,2022
Fauna,invertebrados_aquaticos,Decapoda,Aeglidae,Aegla renana,CR,1,2022
Fauna,invertebrados_aquaticos,Decapoda,Aeglidae,Aegla violacea,EN,1,2022
Fauna,invertebrados_aquaticos,Ephemeroptera,Baetidae,Adebrotus lugoi,VU,1,2022
Fauna,invertebrados_aquaticos,Ephemeroptera,Baetidae,Camelobaetidius juparana,VU,0,2022
Fauna,invertebrados_aquaticos,Ephemeroptera,Baetidae,Camelobaetidius maranhensis,VU,1,2022
Fauna,invertebrados_aquaticos,Ephemeroptera,Baetidae,Camelobaetidius spinosus,VU,1,2022
Fauna,invertebrados_aquaticos,Ephemeroptera,Leptophlebiidae,Hermanella amere,EN,1,2022
Fauna,invertebrados_aquaticos,Ephemeroptera,Leptophlebiidae,Hermanella nigra,VU,1,2022
Fauna,invertebrados_aquaticos,Ephemeroptera,Leptophlebiidae,Simothraulopsis eurybasis,VU,0,2022
Fauna,invertebrados_aquaticos,Isopoda,Brasileirinidae,Brasileirinho cavaticus,CR,0,2022
Fauna,invertebrados_aquaticos,Isopoda,Calabozoidae,Pongycarcinia xiphidiourus,EN,0,2022
Fauna,invertebrados_aquaticos,Littorinimorpha,Pomatiopsidae,Spiripockia punctata,CR,1,2022
Fauna,invertebrados_aquaticos,Odonata,Aeshnidae,Castoraeschna januaria,VU,1,2022
Fauna,invertebrados_aquaticos,Odonata,Aeshnidae,Rhionaeschna eduardoi,EN,1,2022
Fauna,invertebrados_aquaticos,Odonata,Coenagrionidae,Homeoura lindneri,VU,1,2022
Fauna,invertebrados_aquaticos,Odonata,Coenagrionidae,Leptagrion acutum,CR,1,2022
Fauna,invertebrados_aquaticos,Odonata,Coenagrionidae,Leptagrion bocainense,VU,1,2022
Fauna,invertebrados_aquaticos,Odonata,Coenagrionidae,Leptagrion capixabae,VU,1,2022
Fauna,invertebrados_aquaticos,Odonata,Coenagrionidae,Leptagrion porrectum,EN,1,2022
Fauna,invertebrados_aquaticos,Odonata,Coenagrionidae,Leptagrion vriesianum,VU,1,2022
Fauna,invertebrados_aquaticos,Odonata,Gomphidae,Phyllocycla bartica,VU,1,2022
Fauna,invertebrados_aquaticos,Odonata,Libellulidae,Elasmothemis schubarti,EN,1,2022
Fauna,invertebrados_aquaticos,Odonata,Libellulidae,Macrothemis tessellata,VU,1,2022
Fauna,invertebrados_aquaticos,Odonata,Libellulidae,Micrathyria borgmeieri,VU,1,2022
Fauna,invertebrados_aquaticos,Odonata,Libellulidae,Micrathyria divergens,VU,1,2022
Fauna,invertebrados_aquaticos,Odonata,Megapodagrionidae,Heteragrion petiense,EN,1,2022
Fauna,invertebrados_aquaticos,Odonata,Pseudostigmatidae,Mecistogaster pronoti,CR (PEX),1,2022
Fauna,invertebrados_aquaticos,Pulmonata,Streptaxidae,Hypselartemon alveus,VU,1,2022
Fauna,invertebrados_aquaticos,Spongillida,Spongillidae,Racekiela cavernicola,VU,1,2022
Fauna,invertebrados_aquaticos,Tricladida,Dimarcusidae,Hausera hauseri,VU,0,2022
Fauna,invertebrados_aquaticos,Tricladida,Dugesiidae,Girardia arenicola,CR,0,2022
Fauna,invertebrados_aquaticos,Tricladida,Dugesiidae,Girardia desiderensis,CR,0,2022
Fauna,invertebrados_aquaticos,Tricladida,Dugesiidae,Girardia multidiverticulata,CR,0,2022
Fauna,invertebrados_aquaticos,Tricladida,Dugesiidae,Girardia paucipuntacta,CR,0,2022
Fauna,invertebrados_aquaticos,Tricladida,Uteriporidae,Sluysia triapertura,CR,0,2022
Fauna,invertebrados_aquaticos,Zygoptera,Coenagrionidae,Aceratobasis cornicauda,VU,1,2022
Fauna,invertebrados_aquaticos,Zygoptera,Coenagrionidae,Aceratobasis mourei,EN,1,2022
Fauna,invertebrados_aquaticos,Zygoptera,Coenagrionidae,Fluminagrion taxaense,CR (PEX),1,2022
Fauna,invertebrados_aquaticos,Amphipoda,Artesiidae,Spelaeogammarus trajanoae,EN,0,2022
Fauna,invertebrados_aquaticos,Actiniaria,Actiniidae,Condylactis gigantea,EN,1,2022
Fauna,invertebrados_aquaticos,Anthoathecata,Milleporidae,Millepora laboreli,VU,1,2022
Fauna,invertebrados_aquaticos,Apodida,Synaptidae,Synaptula secreta,CR,1,2022
Fauna,invertebrados_aquaticos,Camarodonta,Toxopneustidae,Lytechinus variegatus,VU,1,2022
Fauna,invertebrados_aquaticos,Cassiduloida,Cassidulidae,Cassidulus mitis,EN,1,2022
Fauna,invertebrados_aquaticos,Decapoda,Gecarcinidae,Cardisoma guanhumi,VU,1,2022
Fauna,invertebrados_aquaticos,Decapoda,Gecarcinidae,Johngarthia lagostoma,EN,1,2022
Fauna,invertebrados_aquaticos,Enteropneusta,Spengelidae,Willeya loya,CR,1,2022
Fauna,invertebrados_aquaticos,Eunicida,Eunicidae,Eunice sebastiani,EN,1,2022
Fauna,invertebrados_aquaticos,Eunicida,Onuphidae,Diopatra cuprea,VU,1,2022
Fauna,invertebrados_aquaticos,Forcipulatida,Asteriidae,Coscinasterias tenuispina,VU,1,2022
Fauna,invertebrados_aquaticos,Littorinimorpha,Strombidae,Eustrombus goliath,VU,1,2022
Fauna,invertebrados_aquaticos,Littorinimorpha,Strombidae,Lobatus costatus,VU,1,2022
Fauna,invertebrados_aquaticos,Littorinimorpha,Vermetidae,Petaloconchus myrakeenae,VU,1,2022
Fauna,invertebrados_aquaticos,Ostreoida,Pectinidae,Euvola ziczac,EN,1,2022
Fauna,invertebrados_aquaticos,Paxillosida,Astropectinidae,Astropecten articulatus,VU,1,2022
Fauna,invertebrados_aquaticos,Paxillosida,Astropectinidae,Astropecten brasiliensis,VU,1,2022
Fauna,invertebrados_aquaticos,Paxillosida,Astropectinidae,Astropecten marginatus,VU,1,2022
Fauna,invertebrados_aquaticos,Paxillosida,Luidiidae,Luidia senegalensis,VU,1,2022
Fauna,invertebrados_aquaticos,Poecilosclerida,Latrunculiidae,Latrunculia janeirensis,VU,1,2022
Fauna,invertebrados_aquaticos,Scleractinia,Mussidae,Mussismilia braziliensis,VU,1,2022
Fauna,invertebrados_aquaticos,Scleractinia,Mussidae,Mussismilia harttii,EN,1,2022
Fauna,invertebrados_aquaticos,Suberitida,Halichondriidae,Halichondria cebimarensis,VU,1,2022
Fauna,invertebrados_aquaticos,Suberitida,Halichondriidae,Halichondria tenebrica,VU,1,2022
Fauna,invertebrados_aquaticos,Terebratulida,Bouchardiidae,Bouchardia rosea,EN,1,2022
Fauna,invertebrados_aquaticos,Valvatida,Ophidiasteridae,Linckia guildingi,VU,1,2022
Fauna,invertebrados_aquaticos,Valvatida,Oreasteridae,Oreaster reticulatus,VU,1,2022
Fauna,peixes,Atheriniformes,Atherinopsidae,Odontesthes bicudo,EN,1,2022
Fauna,peixes,Carcharhiniformes,Carcharhinidae,Carcharhinus galapagensis,CR,1,2022
Fauna,peixes,Carcharhiniformes,Carcharhinidae,Carcharhinus longimanus,VU,1,2022
Fauna,peixes,Carcharhiniformes,Carcharhinidae,Carcharhinus obscurus,EN,1,2022
Fauna,peixes,Carcharhiniformes,Carcharhinidae,Carcharhinus perezi,VU,1,2022
Fauna,peixes,Carcharhiniformes,Carcharhinidae,Carcharhinus plumbeus,CR,1,2022
Fauna,peixes,Carcharhiniformes,Carcharhinidae,Carcharhinus porosus,CR,1,2022
Fauna,peixes,Carcharhiniformes,Carcharhinidae,Carcharhinus signatus,EN,1,2022
Fauna,peixes,Carcharhiniformes,Carcharhinidae,Isogomphodon oxyrhynchus,CR,1,2022
Fauna,peixes,Carcharhiniformes,Carcharhinidae,Negaprion brevirostris,EN,1,2022
Fauna,peixes,Carcharhiniformes,Sphyrnidae,Sphyrna lewini,CR,1,2022
Fauna,peixes,Carcharhiniformes,Sphyrnidae,Sphyrna media,CR,1,2022
Fauna,peixes,Carcharhiniformes,Sphyrnidae,Sphyrna mokarran,CR,1,2022
Fauna,peixes,Carcharhiniformes,Sphyrnidae,Sphyrna tiburo,CR,1,2022
Fauna,peixes,Carcharhiniformes,Sphyrnidae,Sphyrna tudes,CR,1,2022
Fauna,peixes,Carcharhiniformes,Sphyrnidae,Sphyrna zygaena,CR,1,2022
Fauna,peixes,Carcharhiniformes,Triakidae,Galeorhinus galeus,CR,1,2022
Fauna,peixes,Carcharhiniformes,Triakidae,Mustelus canis,EN,1,2022
Fauna,peixes,Carcharhiniformes,Triakidae,Mustelus fasciatus,CR,1,2022
Fauna,peixes,Carcharhiniformes,Triakidae,Mustelus schmitti,CR,1,2022
Fauna,peixes,Characiformes,Anostomidae,Hypomasticus thayeri,VU,1,2022
Fauna,peixes,Characiformes,Anostomidae,Leporinus guttatus,VU,1,2022
Fauna,peixes,Characiformes,Anostomidae,Leporinus pitingai,CR,1,2022
Fauna,peixes,Characiformes,Anostomidae,Sartor tucuruiense,EN,1,2022
Fauna,peixes,Characiformes,Characidae,Astyanax eremus,CR,1,2022
Fauna,peixes,Characiformes,Characidae,Brycon devillei,EN,1,2022
Fauna,peixes,Characiformes,Characidae,Brycon gouldingi,EN,1,2022
Fauna,peixes,Characiformes,Characidae,Brycon insignis,EN,1,2022
Fauna,peixes,Characiformes,Characidae,Brycon opalinus,VU,1,2022
Fauna,peixes,Characiformes,Characidae,Brycon orbignyanus,CR,1,2022
Fauna,peixes,Characiformes,Characidae,Brycon vermelha,EN,1,2022
Fauna,peixes,Characiformes,Characidae,Bryconamericus lambari,EN,1,2022
Fauna,peixes,Characiformes,Characidae,Diapoma pyrrhopteryx,EN,1,2022
Fauna,peixes,Characiformes,Characidae,Hasemania crenuchoides,EN,1,2022
Fauna,peixes,Characiformes,Characidae,Hasemania maxillaris,CR (PEX),0,2022
Fauna,peixes,Characiformes,Characidae,Hasemania melanura,CR (PEX),0,2022
Fauna,peixes,Characiformes,Characidae,Hasemania piatan,EN,1,2022
Fauna,peixes,Characiformes,Characidae,Hasemania uberaba,EN,0,2022
Fauna,peixes,Characiformes,Characidae,Henochilus wheatlandii,CR,1,2022
Fauna,peixes,Characiformes,Characidae,Hollandichthys taramandahy,EN,1,2022
Fauna,peixes,Characiformes,Characidae,Hyphessobrycon duragenys,EN,1,2022
Fauna,peixes,Characiformes,Characidae,Hyphessobrycon flammeus,EN,1,2022
Fauna,peixes,Characiformes,Characidae,Hyphessobrycon taurocephalus,CR (PEX),0,2022
Fauna,peixes,Characiformes,Characidae,Kolpotocheirodon figueiredoi,CR,1,2022
Fauna,peixes,Characiformes,Characidae,Lepidocharax diamantina,EN,1,2022
Fauna,peixes,Characiformes,Characidae,Mimagoniates lateralis,VU,1,2022
Fauna,peixes,Characiformes,Characidae,Mimagoniates sylvicola,EN,1,2022
Fauna,peixes,Characiformes,Characidae,Rachoviscus crassiceps,EN,1,2022
Fauna,peixes,Characiformes,Characidae,Rachoviscus graciliceps,EN,1,2022
Fauna,peixes,Characiformes,Characidae,Rhinopetitia potamorhachia,EN,1,2022
Fauna,peixes,Characiformes,Characidae,Spintherobolus ankoseion,VU,1,2022
Fauna,peixes,Characiformes,Characidae,Spintherobolus broccae,EN,1,2022
Fauna,peixes,Characiformes,Characidae,Spintherobolus leptoura,EN,1,2022
Fauna,peixes,Characiformes,Characidae,Spintherobolus papilliferus,EN,1,2022
Fauna,peixes,Characiformes,Characidae,Stygichthys typhlops,EN,1,2022
Fauna,peixes,Characiformes,Crenuchidae,Characidium grajahuensis,CR,1,2022
Fauna,peixes,Characiformes,Crenuchidae,Characidium vestigipinne,CR,1,2022
Fauna,peixes,Characiformes,Crenuchidae,Melanocharacidium nigrum,EN,1,2022
Fauna,peixes,Characiformes,Cynodontidae,Roestes itupiranga,VU,1,2022
Fauna,peixes,Characiformes,Lebiasinidae,Lebiasina marilynae,VU,1,2022
Fauna,peixes,Characiformes,Lebiasinidae,Lebiasina melanoguttata,VU,1,2022
Fauna,peixes,Characiformes,Lebiasinidae,Lebiasina minuta,VU,1,2022
Fauna,peixes,Characiformes,Parodontidae,Apareiodon davisi,EN,1,2022
Fauna,peixes,Characiformes,Prochilodontidae,Prochilodus britskii,EN,1,2022
Fauna,peixes,Characiformes,Prochilodontidae,Prochilodus vimboides,VU,1,2022
Fauna,peixes,Characiformes,Serrasalmidae,Mylesinus paucisquamatus,EN,1,2022
Fauna,peixes,Characiformes,Serrasalmidae,Myloplus tiete,EN,1,2022
Fauna,peixes,Characiformes,Serrasalmidae,Ossubtus xinguense,VU,1,2022
Fauna,peixes,Cyprinodontiformes,Anablepidae,Jenynsia sanctaecatarinae,EN,1,2022
Fauna,peixes,Cyprinodontiformes,Poeciliidae,Cnesterodon carnegiei,VU,1,2022
Fauna,peixes,Cyprinodontiformes,Poeciliidae,Cnesterodon iguape,CR,1,2022
Fauna,peixes,Cyprinodontiformes,Poeciliidae,Cnesterodon omorgmatos,CR,1,2022
Fauna,peixes,Cyprinodontiformes,Poeciliidae,Pamphorichthys pertapeh,CR,1,2022
Fauna,peixes,Cyprinodontiformes,Poeciliidae,Phalloptychus eigenmanni,CR,1,2022
Fauna,peixes,Cyprinodontiformes,Poeciliidae,Phallotorynus fasciolatus,CR (PEX),1,2022
Fauna,peixes,Cyprinodontiformes,Rivulidae,Anablepsoides cearensis,CR,1,2022
Fauna,peixes,Cyprinodontiformes,Rivulidae,Atlantirivulus lazzarotoi,CR,1,2022
Fauna,peixes,Cyprinodontiformes,Rivulidae,Atlantirivulus maricensis,CR,1,2022
Fauna,peixes,Cyprinodontiformes,Rivulidae,Atlantirivulus nudiventris,CR,1,2022
Fauna,peixes,Cyprinodontiformes,Rivulidae,Atlantirivulus simplicis,EN,1,2022
Fauna,peixes,Cyprinodontiformes,Rivulidae,Austrolebias adloffi,EN,1,2022
Fauna,peixes,Cyprinodontiformes,Rivulidae,Austrolebias alexandri,EN,1,2022
Fauna,peixes,Cyprinodontiformes,Rivulidae,Austrolebias arachan,VU,1,2022
Fauna,peixes,Cyprinodontiformes,Rivulidae,Austrolebias araucarianus,VU,0,2022
Fauna,peixes,Cyprinodontiformes,Rivulidae,Austrolebias bagual,CR,0,2022
Fauna,peixes,Cyprinodontiformes,Rivulidae,Austrolebias camaquensis,EN,0,2022
Fauna,peixes,Cyprinodontiformes,Rivulidae,Austrolebias carvalhoi,CR,1,2022
Fauna,peixes,Cyprinodontiformes,Rivulidae,Austrolebias cheradophilus,CR,1,2022
Fauna,peixes,Cyprinodontiformes,Rivulidae,Austrolebias cinereus,CR,1,2022
Fauna,peixes,Cyprinodontiformes,Rivulidae,Austrolebias cyaneus,EN,1,2022
Fauna,peixes,Cyprinodontiformes,Rivulidae,Austrolebias ephemerus,EN,0,2022
Fauna,peixes,Cyprinodontiformes,Rivulidae,Austrolebias ibicuiensis,EN,1,2022
Fauna,peixes,Cyprinodontiformes,Rivulidae,Austrolebias jaegari,CR,1,2022
Fauna,peixes,Cyprinodontiformes,Rivulidae,Austrolebias litzi,VU,1,2022
Fauna,peixes,Cyprinodontiformes,Rivulidae,Austrolebias nachtigalli,VU,1,2022
Fauna,peixes,Cyprinodontiformes,Rivulidae,Austrolebias nigrofasciatus,EN,1,2022
Fauna,peixes,Cyprinodontiformes,Rivulidae,Austrolebias paucisquama,VU,1,2022
Fauna,peixes,Cyprinodontiformes,Rivulidae,Austrolebias pelotapes,CR,0,2022
Fauna,peixes,Cyprinodontiformes,Rivulidae,Austrolebias pongondo,EN,0,2022
Fauna,peixes,Cyprinodontiformes,Rivulidae,Austrolebias quirogai,CR,0,2022
Fauna,peixes,Cyprinodontiformes,Rivulidae,Austrolebias univentripinnis,CR,1,2022
Fauna,peixes,Cyprinodontiformes,Rivulidae,Austrolebias varzeae,CR,1,2022
Fauna,peixes,Cyprinodontiformes,Rivulidae,Campellolebias brucei,CR,1,2022
Fauna,peixes,Cyprinodontiformes,Rivulidae,Campellolebias chrysolineatus,CR,1,2022
Fauna,peixes,Cyprinodontiformes,Rivulidae,Campellolebias dorsimaculatus,CR,1,2022
Fauna,peixes,Cyprinodontiformes,Rivulidae,Campellolebias intermedius,CR,1,2022
Fauna,peixes,Cyprinodontiformes,Rivulidae,Cynolebias akroa,VU,0,2022
Fauna,peixes,Cyprinodontiformes,Rivulidae,Cynolebias elegans,CR,0,2022
Fauna,peixes,Cyprinodontiformes,Rivulidae,Cynolebias gorutuba,EN,0,2022
Fauna,peixes,Cyprinodontiformes,Rivulidae,Cynolebias griseus,EN,1,2022
Fauna,peixes,Cyprinodontiformes,Rivulidae,Cynolebias leptocephalus,EN,1,2022
Fauna,peixes,Cyprinodontiformes,Rivulidae,Cynolebias parnaibensis,CR,0,2022
Fauna,peixes,Cyprinodontiformes,Rivulidae,Cynopoecilus feltrini,VU,0,2022
Fauna,peixes,Cyprinodontiformes,Rivulidae,Cynopoecilus intimus,VU,1,2022
Fauna,peixes,Cyprinodontiformes,Rivulidae,Hypsolebias adornatus,CR,1,2022
Fauna,peixes,Cyprinodontiformes,Rivulidae,Hypsolebias alternatus,EN,1,2022
Fauna,peixes,Cyprinodontiformes,Rivulidae,Hypsolebias auratus,CR,1,2022
Fauna,peixes,Cyprinodontiformes,Rivulidae,Hypsolebias brunoi,VU,1,2022
Fauna,peixes,Cyprinodontiformes,Rivulidae,Hypsolebias carlettoi,EN,1,2022
Fauna,peixes,Cyprinodontiformes,Rivulidae,Hypsolebias delucai,VU,0,2022
Fauna,peixes,Cyprinodontiformes,Rivulidae,Hypsolebias faouri,VU,0,2022
Fauna,peixes,Cyprinodontiformes,Rivulidae,Hypsolebias fasciatus,VU,1,2022
Fauna,peixes,Cyprinodontiformes,Rivulidae,Hypsolebias flammeus,EN,1,2022
Fauna,peixes,Cyprinodontiformes,Rivulidae,Hypsolebias flavicaudatus,EN,1,2022
Fauna,peixes,Cyprinodontiformes,Rivulidae,Hypsolebias fulminantis,CR,1,2022
Fauna,peixes,Cyprinodontiformes,Rivulidae,Hypsolebias gardneri,EN,0,2022
Fauna,peixes,Cyprinodontiformes,Rivulidae,Hypsolebias ghisolfii,EN,1,2022
Fauna,peixes,Cyprinodontiformes,Rivulidae,Hypsolebias gibberatus,VU,1,2022
Fauna,peixes,Cyprinodontiformes,Rivulidae,Hypsolebias gilbertobrasili,CR,0,2022
Fauna,peixes,Cyprinodontiformes,Rivulidae,Hypsolebias guanambi,VU,1,2022
Fauna,peixes,Cyprinodontiformes,Rivulidae,Hypsolebias hamadryades,CR,0,2022
Fauna,peixes,Cyprinodontiformes,Rivulidae,Hypsolebias harmonicus,VU,1,2022
Fauna,peixes,Cyprinodontiformes,Rivulidae,Hypsolebias hellneri,EN,1,2022
Fauna,peixes,Cyprinodontiformes,Rivulidae,Hypsolebias igneus,EN,1,2022
Fauna,peixes,Cyprinodontiformes,Rivulidae,Hypsolebias janaubensis,CR,1,2022
Fauna,peixes,Cyprinodontiformes,Rivulidae,Hypsolebias longignatus,VU,1,2022
Fauna,peixes,Cyprinodontiformes,Rivulidae,Hypsolebias lopesi,CR,1,2022
Fauna,peixes,Cyprinodontiformes,Rivulidae,Hypsolebias macaubensis,EN,1,2022
Fauna,peixes,Cyprinodontiformes,Rivulidae,Hypsolebias magnificus,EN,1,2022
Fauna,peixes,Cyprinodontiformes,Rivulidae,Hypsolebias marginatus,CR (PEX),1,2022
Fauna,peixes,Cyprinodontiformes,Rivulidae,Hypsolebias mediopapillatus,VU,1,2022
Fauna,peixes,Cyprinodontiformes,Rivulidae,Hypsolebias multiradiatus,CR,1,2022
Fauna,peixes,Cyprinodontiformes,Rivulidae,Hypsolebias nielseni,EN,1,2022
Fauna,peixes,Cyprinodontiformes,Rivulidae,Hypsolebias notatus,EN,1,2022
Fauna,peixes,Cyprinodontiformes,Rivulidae,Hypsolebias nudiorbitatus,VU,0,2022
Fauna,peixes,Cyprinodontiformes,Rivulidae,Hypsolebias picturatus,EN,1,2022
Fauna,peixes,Cyprinodontiformes,Rivulidae,Hypsolebias radiseriatus,EN,0,2022
Fauna,peixes,Cyprinodontiformes,Rivulidae,Hypsolebias rufus,CR,1,2022
Fauna,peixes,Cyprinodontiformes,Rivulidae,Hypsolebias shibattai,VU,0,2022
Fauna,peixes,Cyprinodontiformes,Rivulidae,Hypsolebias splendissimus,VU,0,2022
Fauna,peixes,Cyprinodontiformes,Rivulidae,Hypsolebias stellatus,EN,1,2022
Fauna,peixes,Cyprinodontiformes,Rivulidae,Hypsolebias tocantinensis,CR,1,2022
Fauna,peixes,Cyprinodontiformes,Rivulidae,Hypsolebias trilineatus,CR,1,2022
Fauna,peixes,Cyprinodontiformes,Rivulidae,Hypsolebias virgulatus,CR,1,2022
Fauna,peixes,Cyprinodontiformes,Rivulidae,Kryptolebias brasiliensis,EN,1,2022
Fauna,peixes,Cyprinodontiformes,Rivulidae,Kryptolebias campelloi,CR,1,2022
Fauna,peixes,Cyprinodontiformes,Rivulidae,Kryptolebias gracilis,CR,1,2022
Fauna,peixes,Cyprinodontiformes,Rivulidae,Leptolebias marmoratus,CR,1,2022
Fauna,peixes,Cyprinodontiformes,Rivulidae,Leptopanchax citrinipinnis,CR,1,2022
Fauna,peixes,Cyprinodontiformes,Rivulidae,Leptopanchax itanhaensis,CR,1,2022
Fauna,peixes,Cyprinodontiformes,Rivulidae,Leptopanchax opalescens,CR,1,2022
Fauna,peixes,Cyprinodontiformes,Rivulidae,Leptopanchax splendens,CR,1,2022
Fauna,peixes,Cyprinodontiformes,Rivulidae,Maratecoara formosa,VU,1,2022
Fauna,peixes,Cyprinodontiformes,Rivulidae,Maratecoara splendida,VU,1,2022
Fauna,peixes,Cyprinodontiformes,Rivulidae,Melanorivulus crixas,VU,1,2022
Fauna,peixes,Cyprinodontiformes,Rivulidae,Melanorivulus illuminatus,VU,1,2022
Fauna,peixes,Cyprinodontiformes,Rivulidae,Melanorivulus karaja,VU,1,2022
Fauna,peixes,Cyprinodontiformes,Rivulidae,Melanorivulus kayapo,VU,1,2022
Fauna,peixes,Cyprinodontiformes,Rivulidae,Melanorivulus kunzei,VU,1,2022
Fauna,peixes,Cyprinodontiformes,Rivulidae,Melanorivulus pinima,EN,1,2022
Fauna,peixes,Cyprinodontiformes,Rivulidae,Melanorivulus rubromarginatus,VU,1,2022
Fauna,peixes,Cyprinodontiformes,Rivulidae,Melanorivulus rutilicaudus,VU,1,2022
Fauna,peixes,Cyprinodontiformes,Rivulidae,Melanorivulus salmonicaudus,VU,1,2022
Fauna,peixes,Cyprinodontiformes,Rivulidae,Melanorivulus scalaris,EN,1,2022
Fauna,peixes,Cyprinodontiformes,Rivulidae,Melanorivulus ubirajarai,VU,1,2022
Fauna,peixes,Cyprinodontiformes,Rivulidae,Melanorivulus vittatus,EN,1,2022
Fauna,peixes,Cyprinodontiformes,Rivulidae,Moema piriana,CR (PEX),1,2022
Fauna,peixes,Cyprinodontiformes,Rivulidae,Nematolebias catimbau,CR,1,2022
Fauna,peixes,Cyprinodontiformes,Rivulidae,Nematolebias papilliferus,CR,1,2022
Fauna,peixes,Cyprinodontiformes,Rivulidae,Nematolebias whitei,CR,1,2022
Fauna,peixes,Cyprinodontiformes,Rivulidae,Notholebias cruzi,CR,1,2022
Fauna,peixes,Cyprinodontiformes,Rivulidae,Notholebias fractifasciatus,CR,1,2022
Fauna,peixes,Cyprinodontiformes,Rivulidae,Notholebias minimus,EN,1,2022
Fauna,peixes,Cyprinodontiformes,Rivulidae,Notholebias vermiculatus,CR,1,2022
Fauna,peixes,Cyprinodontiformes,Rivulidae,Ophthalmolebias bokermanni,CR,1,2022
Fauna,peixes,Cyprinodontiformes,Rivulidae,Ophthalmolebias constanciae,CR,1,2022
Fauna,peixes,Cyprinodontiformes,Rivulidae,Ophthalmolebias ilheusensis,EN,1,2022
Fauna,peixes,Cyprinodontiformes,Rivulidae,Ophthalmolebias perpendicularis,CR,1,2022
Fauna,peixes,Cyprinodontiformes,Rivulidae,Ophthalmolebias rosaceus,CR,1,2022
Fauna,peixes,Cyprinodontiformes,Rivulidae,Ophthalmolebias suzarti,VU,1,2022
Fauna,peixes,Cyprinodontiformes,Rivulidae,Pituna brevirostrata,CR,1,2022
Fauna,peixes,Cyprinodontiformes,Rivulidae,Pituna xinguensis,CR,1,2022
Fauna,peixes,Cyprinodontiformes,Rivulidae,Plesiolebias canabravensis,VU,1,2022
Fauna,peixes,Cyprinodontiformes,Rivulidae,Plesiolebias xavantei,EN,1,2022
Fauna,peixes,Cyprinodontiformes,Rivulidae,Simpsonichthys boitonei,CR,1,2022
Fauna,peixes,Cyprinodontiformes,Rivulidae,Simpsonichthys cholopteryx,EN,1,2022
Fauna,peixes,Cyprinodontiformes,Rivulidae,Simpsonichthys espinhacensis,EN,0,2022
Fauna,peixes,Cyprinodontiformes,Rivulidae,Simpsonichthys nigromaculatus,VU,1,2022
Fauna,peixes,Cyprinodontiformes,Rivulidae,Simpsonichthys parallelus,EN,1,2022
Fauna,peixes,Cyprinodontiformes,Rivulidae,Simpsonichthys punctulatus,CR,1,2022
Fauna,peixes,Cyprinodontiformes,Rivulidae,Simpsonichthys santanae,EN,1,2022
Fauna,peixes,Cyprinodontiformes,Rivulidae,Simpsonichthys zonatus,CR (PEX),1,2022
Fauna,peixes,Cyprinodontiformes,Rivulidae,Spectrolebias reticulatus,CR,1,2022
Fauna,peixes,Cyprinodontiformes,Rivulidae,Trigonectes strigabundus,EN,1,2022
Fauna,peixes,Cyprinodontiformes,Rivulidae,Xenurolebias myersi,EN,1,2022
Fauna,peixes,Elopiformes,Megalopidae,Megalops atlanticus,VU,1,2022
Fauna,peixes,Gymnotiformes,Apteronotidae,Sternarchella curvioperculata,EN,1,2022
Fauna,peixes,Gymnotiformes,Apteronotidae,Sternarchogiton zuanoni,EN,1,2022
Fauna,peixes,Gymnotiformes,Apteronotidae,Sternarchorhynchus britskii,EN,1,2022
Fauna,peixes,Gymnotiformes,Apteronotidae,Sternarchorhynchus caboclo,VU,1,2022
Fauna,peixes,Gymnotiformes,Apteronotidae,Sternarchorhynchus higuchii,CR,1,2022
Fauna,peixes,Gymnotiformes,Apteronotidae,Sternarchorhynchus inpai,VU,1,2022
Fauna,peixes,Gymnotiformes,Apteronotidae,Sternarchorhynchus jaimei,CR,1,2022
Fauna,peixes,Gymnotiformes,Apteronotidae,Sternarchorhynchus kokraimoro,EN,1,2022
Fauna,peixes,Gymnotiformes,Apteronotidae,Sternarchorhynchus mareikeae,VU,1,2022
Fauna,peixes,Gymnotiformes,Apteronotidae,Sternarchorhynchus severii,VU,1,2022
Fauna,peixes,Gymnotiformes,Apteronotidae,Sternarchorhynchus villasboasi,EN,1,2022
Fauna,peixes,Gymnotiformes,Apteronotidae,Tembeassu marauna,CR,1,2022
Fauna,peixes,Gymnotiformes,Sternopygidae,Archolaemus ferreirai,VU,0,2022
Fauna,peixes,Gymnotiformes,Sternopygidae,Archolaemus santosi,VU,0,2022
Fauna,peixes,Gymnotiformes,Sternopygidae,Eigenmannia vicentespelaea,VU,1,2022
Fauna,peixes,Hexanchiformes,Hexanchidae,Notorynchus cepedianus,CR,1,2022
Fauna,peixes,Lamniformes,Alopiidae,Alopias superciliosus,EN,1,2022
Fauna,peixes,Lamniformes,Alopiidae,Alopias vulpinus,CR,1,2022
Fauna,peixes,Lamniformes,Cetorhinidae,Cetorhinus maximus,CR,1,2022
Fauna,peixes,Lamniformes,Lamnidae,Carcharodon carcharias,VU,1,2022
Fauna,peixes,Lamniformes,Odontaspididae,Carcharias taurus,CR,1,2022
Fauna,peixes,Ophidiiformes,Ophidiidae,Ophidion holbrookii,CR,1,2022
Fauna,peixes,Ophidiiformes,Ophidiidae,Otophidium chickcharney,CR (PEX),0,2022
Fauna,peixes,Orectolobiformes,Ginglymostomatidae,Ginglymostoma cirratum,VU,1,2022
Fauna,peixes,Orectolobiformes,Rhincodontidae,Rhincodon typus,VU,1,2022
Fauna,peixes,Perciformes,Chaetodontidae,Prognathodes obliquus,VU,1,2022
Fauna,peixes,Perciformes,Cichlidae,Crenicichla cyclostoma,CR,1,2022
Fauna,peixes,Perciformes,Cichlidae,Crenicichla empheres,VU,1,2022
Fauna,peixes,Perciformes,Cichlidae,Crenicichla hadrostigma,VU,1,2022
Fauna,peixes,Perciformes,Cichlidae,Crenicichla heckeli,VU,1,2022
Fauna,peixes,Perciformes,Cichlidae,Crenicichla jegui,EN,1,2022
Fauna,peixes,Perciformes,Cichlidae,Crenicichla jupiaensis,EN,1,2022
Fauna,peixes,Perciformes,Cichlidae,Crenicichla urosema,EN,1,2022
Fauna,peixes,Perciformes,Cichlidae,Teleocichla centisquama,EN,1,2022
Fauna,peixes,Perciformes,Cichlidae,Teleocichla cinderella,EN,1,2022
Fauna,peixes,Perciformes,Cichlidae,Teleocichla prionogenys,VU,1,2022
Fauna,peixes,Perciformes,Cichlidae,Teleocichla wajapi,EN,1,2022
Fauna,peixes,Perciformes,Epinephelidae,Epinephelus itajara,CR,1,2022
Fauna,peixes,Perciformes,Epinephelidae,Epinephelus marginatus,VU,1,2022
Fauna,peixes,Perciformes,Epinephelidae,Epinephelus morio,VU,1,2022
Fauna,peixes,Perciformes,Gobiidae,Elacatinus figaro,VU,1,2022
Fauna,peixes,Perciformes,Istiophoridae,Kajikia albida,VU,1,2022
Fauna,peixes,Perciformes,Istiophoridae,Makaira nigricans,EN,1,2022
Fauna,peixes,Perciformes,Labridae,Halichoeres rubrovirens,VU,1,2022
Fauna,peixes,Perciformes,Labrisomidae,Malacoctenus brunoi,VU,1,2022
Fauna,peixes,Perciformes,Lutjanidae,Lutjanus cyanopterus,VU,1,2022
Fauna,peixes,Perciformes,Lutjanidae,Lutjanus purpureus,VU,1,2022
Fauna,peixes,Perciformes,Malacanthidae,Lopholatilus villarii,VU,1,2022
Fauna,peixes,Perciformes,Microdesmidae,Cerdale fasciata,EN,1,2022
Fauna,peixes,Perciformes,Polyprionidae,Polyprion americanus,CR,1,2022
Fauna,peixes,Perciformes,Pomacentridae,Microspathodon chrysurus,VU,1,2022
Fauna,peixes,Perciformes,Pomacentridae,Stegastes rocasensis,VU,1,2022
Fauna,peixes,Perciformes,Pomacentridae,Stegastes sanctipauli,VU,1,2022
Fauna,peixes,Perciformes,Pomacentridae,Stegastes trindadensis,VU,1,2022
Fauna,peixes,Perciformes,Scaridae,Scarus trispinosus,EN,1,2022
Fauna,peixes,Perciformes,Scaridae,Scarus zelindae,VU,1,2022
Fauna,peixes,Perciformes,Scaridae,Sparisoma axillare,VU,1,2022
Fauna,peixes,Perciformes,Scaridae,Sparisoma frondosum,VU,1,2022
Fauna,peixes,Perciformes,Scaridae,Sparisoma rocha,VU,1,2022
Fauna,peixes,Perciformes,Sciaenidae,Pogonias cromis,EN,1,2022
Fauna,peixes,Perciformes,Scombridae,Thunnus thynnus,EN,1,2022
Fauna,peixes,Perciformes,Serranidae,Choranthias salmopunctatus,VU,1,2022
Fauna,peixes,Perciformes,Serranidae,Hyporthodus nigritus,EN,1,2022
Fauna,peixes,Perciformes,Serranidae,Hyporthodus niveatus,VU,1,2022
Fauna,peixes,Perciformes,Serranidae,Mycteroperca bonaci,VU,1,2022
Fauna,peixes,Perciformes,Serranidae,Mycteroperca interstitialis,VU,1,2022
Fauna,peixes,Perciformes,Tripterygiidae,Enneanectes smithi,VU,1,2022
Fauna,peixes,Pleuronectiformes,Achiridae,Achirus mucuri,VU,1,2022
Fauna,peixes,Pristiformes,Pristidae,Pristis pectinata,CR (PEX),1,2022
Fauna,peixes,Pristiformes,Pristidae,Pristis pristis,CR,1,2022
Fauna,peixes,Rajiformes,Dasyatidae,Bathytoshia centroura,CR,1,2022
Fauna,peixes,Rajiformes,Dasyatidae,Fontitrygon colarensis,VU,1,2022
Fauna,peixes,Rajiformes,Dasyatidae,Hypanus americanus,VU,0,2022
Fauna,peixes,Rajiformes,Dasyatidae,Hypanus marianae,VU,0,2022
Fauna,peixes,Rajiformes,Gymnuridae,Gymnura altavela,CR,1,2022
Fauna,peixes,Rajiformes,Myliobatidae,Manta birostris,VU,1,2022
Fauna,peixes,Rajiformes,Myliobatidae,Mobula mobular,VU,1,2022
Fauna,peixes,Rajiformes,Myliobatidae,Mobula tarapacana,VU,1,2022
Fauna,peixes,Rajiformes,Myliobatidae,Mobula thurstoni,VU,1,2022
Fauna,peixes,Rajiformes,Myliobatidae,Myliobatis freminvillei,EN,1,2022
Fauna,peixes,Rajiformes,Myliobatidae,Myliobatis goodei,CR,1,2022
Fauna,peixes,Rajiformes,Myliobatidae,Myliobatis ridens,CR,1,2022
Fauna,peixes,Rajiformes,Myliobatidae,Rhinoptera brasiliensis,CR,1,2022
Fauna,peixes,Rajiformes,Potamotrygonidae,Paratrygon aiereba,CR,1,2022
Fauna,peixes,Rajiformes,Rajidae,Atlantoraja castelnaui,EN,1,2022
Fauna,peixes,Rajiformes,Rajidae,Atlantoraja cyclophora,VU,0,2022
Fauna,peixes,Rajiformes,Rajidae,Rioraja agassizii,VU,1,2022
Fauna,peixes,Rajiformes,Rajidae,Sympterygia acuta,EN,1,2022
Fauna,peixes,Rajiformes,Rajidae,Sympterygia bonapartii,EN,1,2022
Fauna,peixes,Rajiformes,Rhinobatidae,Pseudobatos horkelii,CR,1,2022
Fauna,peixes,Rajiformes,Rhinobatidae,Pseudobatos percellens,VU,0,2022
Fauna,peixes,Rajiformes,Rhinobatidae,Zapteryx brevirostris,VU,1,2022
Fauna,peixes,Rajiformes,Urolophidae,Urotrygon microphthalmum,VU,0,2022
Fauna,peixes,Scorpaeniformes,Scorpaenidae,Scorpaenodes insularis,VU,1,2022
Fauna,peixes,Siluriformes,Ariidae,Genidens barbus,EN,1,2022
Fauna,peixes,Siluriformes,Ariidae,Genidens planifrons,CR,1,2022
Fauna,peixes,Siluriformes,Ariidae,Paragenidens grandoculis,CR,1,2022
Fauna,peixes,Siluriformes,Ariidae,Sciades parkeri,VU,1,2022
Fauna,peixes,Siluriformes,Callichthyidae,Corydoras lacerdai,EN,1,2022
Fauna,peixes,Siluriformes,Callichthyidae,Scleromystax macropterus,EN,1,2022
Fauna,peixes,Siluriformes,Doradidae,Kalyptodoras bahiensis,EN,1,2022
Fauna,peixes,Siluriformes,Doradidae,Rhynchodoras xingui,EN,1,2022
Fauna,peixes,Siluriformes,Heptapteridae,Chasmocranus brachynemus,EN,1,2022
Fauna,peixes,Siluriformes,Heptapteridae,Heptapterus multiradiatus,CR (PEX),1,2022
Fauna,peixes,Siluriformes,Heptapteridae,Pimelodella kronei,EN,1,2022
Fauna,peixes,Siluriformes,Heptapteridae,Pimelodella spelaea,EN,1,2022
Fauna,peixes,Siluriformes,Heptapteridae,Rhamdia jequitinhonha,VU,1,2022
Fauna,peixes,Siluriformes,Heptapteridae,Rhamdiopsis krugi,VU,1,2022
Fauna,peixes,Siluriformes,Heptapteridae,Taunayia bifasciata,VU,1,2022
Fauna,peixes,Siluriformes,Loricariidae,Ancistrus cryptophthalmus,EN,1,2022
Fauna,peixes,Siluriformes,Loricariidae,Ancistrus formoso,VU,1,2022
Fauna,peixes,Siluriformes,Loricariidae,Ancistrus minutus,EN,1,2022
Fauna,peixes,Siluriformes,Loricariidae,Baryancistrus longipinnis,CR,1,2022
Fauna,peixes,Siluriformes,Loricariidae,Baryancistrus niveatus,CR,1,2022
Fauna,peixes,Siluriformes,Loricariidae,Delturus parahybae,CR,1,2022
Fauna,peixes,Siluriformes,Loricariidae,Harttia depressa,EN,1,2022
Fauna,peixes,Siluriformes,Loricariidae,Harttia dissidens,VU,1,2022
Fauna,peixes,Siluriformes,Loricariidae,Harttia panara,VU,0,2022
Fauna,peixes,Siluriformes,Loricariidae,Harttia villasboas,VU,0,2022
Fauna,peixes,Siluriformes,Loricariidae,Hemiancistrus megalopteryx,EN,1,2022
Fauna,peixes,Siluriformes,Loricariidae,Hypancistrus zebra,CR,1,2022
Fauna,peixes,Siluriformes,Loricariidae,Hypostomus subcarinatus,CR,0,2022
Fauna,peixes,Siluriformes,Loricariidae,Isbrueckerichthys saxicola,EN,1,2022
Fauna,peixes,Siluriformes,Loricariidae,Leporacanthicus joselimai,VU,1,2022
Fauna,peixes,Siluriformes,Loricariidae,Lithoxus lithoides,VU,1,2022
Fauna,peixes,Siluriformes,Loricariidae,Loricaria coximensis,CR,1,2022
Fauna,peixes,Siluriformes,Loricariidae,Microlepidogaster perforatus,CR,1,2022
Fauna,peixes,Siluriformes,Loricariidae,Neoplecostomus botucatu,VU,1,2022
Fauna,peixes,Siluriformes,Loricariidae,Otothyris juquiae,CR,1,2022
Fauna,peixes,Siluriformes,Loricariidae,Parancistrus nudiventris,EN,1,2022
Fauna,peixes,Siluriformes,Loricariidae,Pareiorhaphis nasuta,CR,1,2022
Fauna,peixes,Siluriformes,Loricariidae,Pareiorhaphis scutula,EN,1,2022
Fauna,peixes,Siluriformes,Loricariidae,Parotocinclus spilurus,EN,1,2022
Fauna,peixes,Siluriformes,Loricariidae,Plesioptopoma curvidens,CR,0,2022
Fauna,peixes,Siluriformes,Loricariidae,Pogonopoma obscurum,EN,1,2022
Fauna,peixes,Siluriformes,Loricariidae,Pogonopoma parahybae,EN,1,2022
Fauna,peixes,Siluriformes,Loricariidae,Pseudotocinclus juquiae,CR,1,2022
Fauna,peixes,Siluriformes,Loricariidae,Pseudotocinclus tietensis,EN,1,2022
Fauna,peixes,Siluriformes,Loricariidae,Scobinancistrus aureatus,VU,1,2022
Fauna,peixes,Siluriformes,Loricariidae,Scobinancistrus pariolispos,VU,1,2022
Fauna,peixes,Siluriformes,Pimelodidae,Aguarunichthys tocantinsensis,EN,1,2022
Fauna,peixes,Siluriformes,Pimelodidae,Conorhynchos conirostris,EN,1,2022
Fauna,peixes,Siluriformes,Pimelodidae,Pimelodus joannis,VU,1,2022
Fauna,peixes,Siluriformes,Pimelodidae,Pimelodus stewartii,VU,1,2022
Fauna,peixes,Siluriformes,Pimelodidae,Pseudoplatystoma corruscans,VU,0,2022
Fauna,peixes,Siluriformes,Pimelodidae,Steindachneridion amblyurum,CR,1,2022
Fauna,peixes,Siluriformes,Pimelodidae,Steindachneridion doceanum,CR,1,2022
Fauna,peixes,Siluriformes,Pimelodidae,Steindachneridion melanodermatum,EN,1,2022
Fauna,peixes,Siluriformes,Pimelodidae,Steindachneridion parahybae,EN,1,2022
Fauna,peixes,Siluriformes,Pimelodidae,Steindachneridion scriptum,EN,1,2022
Fauna,peixes,Siluriformes,Pseudopimelodidae,Lophiosilurus alexandri,VU,1,2022
Fauna,peixes,Siluriformes,Pseudopimelodidae,Microglanis maculatus,CR,0,2022
Fauna,peixes,Siluriformes,Pseudopimelodidae,Microglanis robustus,CR,1,2022
Fauna,peixes,Siluriformes,Trichomycteridae,Cambeva crassicaudata,EN,1,2022
Fauna,peixes,Siluriformes,Trichomycteridae,Cambeva igobi,VU,1,2022
Fauna,peixes,Siluriformes,Trichomycteridae,Cambeva mboycy,EN,1,2022
Fauna,peixes,Siluriformes,Trichomycteridae,Cambeva paolence,EN,1,2022
Fauna,peixes,Siluriformes,Trichomycteridae,Cambeva papillifera,EN,1,2022
Fauna,peixes,Siluriformes,Trichomycteridae,Cambeva pascuali,CR,0,2022
Fauna,peixes,Siluriformes,Trichomycteridae,Cambeva tropeiro,CR,1,2022
Fauna,peixes,Siluriformes,Trichomycteridae,Glaphyropoma spinosum,VU,1,2022
Fauna,peixes,Siluriformes,Trichomycteridae,Ituglanis bambui,CR,1,2022
Fauna,peixes,Siluriformes,Trichomycteridae,Ituglanis cahyensis,EN,1,2022
Fauna,peixes,Siluriformes,Trichomycteridae,Ituglanis epikarsticus,VU,1,2022
Fauna,peixes,Siluriformes,Trichomycteridae,Ituglanis mambai,EN,1,2022
Fauna,peixes,Siluriformes,Trichomycteridae,Ituglanis passensis,VU,1,2022
Fauna,peixes,Siluriformes,Trichomycteridae,Ituglanis ramiroi,VU,1,2022
Fauna,peixes,Siluriformes,Trichomycteridae,Listrura camposi,CR,1,2022
Fauna,peixes,Siluriformes,Trichomycteridae,Listrura nematopteryx,CR,1,2022
Fauna,peixes,Siluriformes,Trichomycteridae,Microcambeva draco,EN,1,2022
Fauna,peixes,Siluriformes,Trichomycteridae,Trichogenes claviger,CR,1,2022
Fauna,peixes,Siluriformes,Trichomycteridae,Trichomycterus dali,VU,1,2022
Fauna,peixes,Siluriformes,Trichomycteridae,Trichomycterus itacarambiensis,CR,1,2022
Fauna,peixes,Siluriformes,Trichomycteridae,Trichomycterus rubbioli,VU,1,2022
Fauna,peixes,Siluriformes,Trichomycteridae,Trichomycterus triguttatus,CR,1,2022
Fauna,peixes,Squatiniformes,Squatinidae,Squatina argentina,CR,1,2022
Fauna,peixes,Squatiniformes,Squatinidae,Squatina guggenheim,CR,1,2022
Fauna,peixes,Squatiniformes,Squatinidae,Squatina occulta,CR,1,2022
Fauna,peixes,Syngnathiformes,Syngnathidae,Hippocampus erectus,VU,1,2022
Fauna,peixes,Syngnathiformes,Syngnathidae,Hippocampus patagonicus,VU,1,2022
Fauna,peixes,Syngnathiformes,Syngnathidae,Hippocampus reidi,VU,1,2022
Fauna,peixes,Torpediniformes,Narcinidae,Narcine brasiliensis,VU,0,2022
